,label,gene,days,biofilm_number,perc_wrinkle,n_lines
0,4133_1_1,4133,1,1,96.46,0
1,4133_1_10,4133,1,10,97.86,0
2,4133_1_11,4133,1,11,97.67,0
3,4133_1_12,4133,1,12,96.98,0
4,4133_1_13,4133,1,13,97.79,0
5,4133_1_14,4133,1,14,97.23,0
6,4133_1_15,4133,1,15,96.22,0
7,4133_1_16,4133,1,16,97.76,0
8,4133_1_17,4133,1,17,97.21,0
9,4133_1_18,4133,1,18,97.18,0
10,4133_1_19,4133,1,19,97.42,0
11,4133_1_2,4133,1,2,95.84,0
12,4133_1_20,4133,1,20,97.2,0
13,4133_1_21,4133,1,21,97.51,0
14,4133_1_22,4133,1,22,97.58,0
15,4133_1_23,4133,1,23,97.59,0
16,4133_1_24,4133,1,24,97.4,0
17,4133_1_25,4133,1,25,97.55,0
18,4133_1_26,4133,1,26,97.48,0
19,4133_1_27,4133,1,27,96.67,0
20,4133_1_28,4133,1,28,97.42,0
21,4133_1_29,4133,1,29,97.3,0
22,4133_1_3,4133,1,3,97.37,0
23,4133_1_30,4133,1,30,97.32,0
24,4133_1_31,4133,1,31,95.21,0
25,4133_1_32,4133,1,32,96.35,0
26,4133_1_33,4133,1,33,96.52,0
27,4133_1_34,4133,1,34,97.14,0
28,4133_1_35,4133,1,35,97.02,0
29,4133_1_36,4133,1,36,97.21,0
30,4133_1_4,4133,1,4,97.66,0
31,4133_1_5,4133,1,5,97.48,0
32,4133_1_6,4133,1,6,96.77,0
33,4133_1_7,4133,1,7,97.5,0
34,4133_1_8,4133,1,8,96.95,0
35,4133_1_9,4133,1,9,97.14,0
36,4133_2_1,4133,2,1,93.47,0
37,4133_2_10,4133,2,10,93.74,0
38,4133_2_11,4133,2,11,94.77,0
39,4133_2_12,4133,2,12,95.85,0
40,4133_2_13,4133,2,13,92.29,0
41,4133_2_14,4133,2,14,92.37,0
42,4133_2_15,4133,2,15,94.73,0
43,4133_2_16,4133,2,16,94.43,0
44,4133_2_17,4133,2,17,95.32,0
45,4133_2_18,4133,2,18,96.17,0
46,4133_2_19,4133,2,19,91.75,0
47,4133_2_2,4133,2,2,96.72,0
48,4133_2_20,4133,2,20,92.93,0
49,4133_2_21,4133,2,21,93.61,0
50,4133_2_22,4133,2,22,94.56,0
51,4133_2_23,4133,2,23,95.39,0
52,4133_2_24,4133,2,24,94.64,0
53,4133_2_25,4133,2,25,94.01,0
54,4133_2_26,4133,2,26,92.78,0
55,4133_2_27,4133,2,27,92.85,0
56,4133_2_28,4133,2,28,94.76,0
57,4133_2_29,4133,2,29,94.45,0
58,4133_2_3,4133,2,3,93.27,0
59,4133_2_30,4133,2,30,95.77,0
60,4133_2_31,4133,2,31,96.21,0
61,4133_2_32,4133,2,32,92.8,0
62,4133_2_33,4133,2,33,96.81,0
63,4133_2_34,4133,2,34,92.44,0
64,4133_2_35,4133,2,35,94.07,0
65,4133_2_36,4133,2,36,93.98,0
66,4133_2_4,4133,2,4,93.2,0
67,4133_2_5,4133,2,5,94.58,0
68,4133_2_6,4133,2,6,95.36,0
69,4133_2_7,4133,2,7,92.56,0
70,4133_2_8,4133,2,8,95.82,0
71,4133_2_9,4133,2,9,93.57,0
72,4133_3_1,4133,3,1,90.22,0
73,4133_3_10,4133,3,10,87.24,0
74,4133_3_11,4133,3,11,88.51,0
75,4133_3_12,4133,3,12,91.08,0
76,4133_3_13,4133,3,13,86.62,0
77,4133_3_14,4133,3,14,85.37,0
78,4133_3_15,4133,3,15,86.95,0
79,4133_3_16,4133,3,16,87.12,0
80,4133_3_17,4133,3,17,88.74,0
81,4133_3_18,4133,3,18,90.33,0
82,4133_3_19,4133,3,19,86.27,0
83,4133_3_2,4133,3,2,91.75,0
84,4133_3_20,4133,3,20,86.1,0
85,4133_3_21,4133,3,21,85.05,0
86,4133_3_22,4133,3,22,85.89,0
87,4133_3_23,4133,3,23,87.5,0
88,4133_3_24,4133,3,24,86.67,0
89,4133_3_25,4133,3,25,85.82,1
90,4133_3_26,4133,3,26,84.95,0
91,4133_3_27,4133,3,27,86.16,0
92,4133_3_28,4133,3,28,87.91,0
93,4133_3_29,4133,3,29,86.74,0
94,4133_3_3,4133,3,3,86.18,0
95,4133_3_30,4133,3,30,87.72,0
96,4133_3_31,4133,3,31,92.09,0
97,4133_3_32,4133,3,32,86.68,0
98,4133_3_33,4133,3,33,89.48,0
99,4133_3_34,4133,3,34,84.24,0
100,4133_3_35,4133,3,35,86.64,0
101,4133_3_36,4133,3,36,88.39,0
102,4133_3_4,4133,3,4,87.5,0
103,4133_3_5,4133,3,5,88.4,0
104,4133_3_6,4133,3,6,87.73,0
105,4133_3_7,4133,3,7,87.32,0
106,4133_3_8,4133,3,8,88.54,5
107,4133_3_9,4133,3,9,88.19,0
108,4133_4_1,4133,4,1,90.17,0
109,4133_4_10,4133,4,10,11.17,0
110,4133_4_11,4133,4,11,10.47,0
111,4133_4_12,4133,4,12,10.42,0
112,4133_4_13,4133,4,13,8.49,0
113,4133_4_14,4133,4,14,10.4,0
114,4133_4_15,4133,4,15,12.21,0
115,4133_4_16,4133,4,16,12.19,0
116,4133_4_17,4133,4,17,10.88,0
117,4133_4_18,4133,4,18,10.96,0
118,4133_4_19,4133,4,19,9.92,0
119,4133_4_2,4133,4,2,6.64,0
120,4133_4_20,4133,4,20,12.27,0
121,4133_4_21,4133,4,21,15.51,0
122,4133_4_22,4133,4,22,12.07,0
123,4133_4_23,4133,4,23,11.48,0
124,4133_4_24,4133,4,24,13.16,0
125,4133_4_25,4133,4,25,7.12,0
126,4133_4_26,4133,4,26,12.2,0
127,4133_4_27,4133,4,27,12.68,0
128,4133_4_28,4133,4,28,13.58,0
129,4133_4_29,4133,4,29,12.28,0
130,4133_4_3,4133,4,3,9.95,0
131,4133_4_30,4133,4,30,12.35,0
132,4133_4_31,4133,4,31,87.54,0
133,4133_4_32,4133,4,32,10.63,0
134,4133_4_33,4133,4,33,8.79,0
135,4133_4_34,4133,4,34,16.19,0
136,4133_4_35,4133,4,35,10.9,0
137,4133_4_36,4133,4,36,10.92,0
138,4133_4_4,4133,4,4,87.01,0
139,4133_4_5,4133,4,5,9.49,0
140,4133_4_6,4133,4,6,86.4,0
141,4133_4_7,4133,4,7,8.71,0
142,4133_4_8,4133,4,8,8.13,0
143,4133_4_9,4133,4,9,9.81,0
144,4133_5_1,4133,5,1,87.06,2
145,4133_5_10,4133,5,10,12.97,0
146,4133_5_11,4133,5,11,13.17,0
147,4133_5_12,4133,5,12,12.72,0
148,4133_5_13,4133,5,13,10.41,0
149,4133_5_14,4133,5,14,12.7,0
150,4133_5_15,4133,5,15,14.52,8
151,4133_5_16,4133,5,16,13.86,0
152,4133_5_17,4133,5,17,14.4,0
153,4133_5_18,4133,5,18,14.32,0
154,4133_5_19,4133,5,19,12.11,0
155,4133_5_2,4133,5,2,9.91,1
156,4133_5_20,4133,5,20,13.96,0
157,4133_5_21,4133,5,21,14.98,0
158,4133_5_22,4133,5,22,15.5,0
159,4133_5_23,4133,5,23,13.74,0
160,4133_5_24,4133,5,24,13.1,0
161,4133_5_25,4133,5,25,8.86,22
162,4133_5_26,4133,5,26,11.28,0
163,4133_5_27,4133,5,27,11.61,0
164,4133_5_28,4133,5,28,13.34,0
165,4133_5_29,4133,5,29,13.33,0
166,4133_5_3,4133,5,3,13.24,0
167,4133_5_30,4133,5,30,15.08,0
168,4133_5_31,4133,5,31,11.52,0
169,4133_5_32,4133,5,32,85.75,12
170,4133_5_33,4133,5,33,10.34,1
171,4133_5_34,4133,5,34,14.84,0
172,4133_5_35,4133,5,35,12.69,0
173,4133_5_36,4133,5,36,14.47,0
174,4133_5_4,4133,5,4,12.22,0
175,4133_5_5,4133,5,5,12.81,12
176,4133_5_6,4133,5,6,10.05,1
177,4133_5_7,4133,5,7,9.9,0
178,4133_5_8,4133,5,8,10.38,19
179,4133_5_9,4133,5,9,10.55,0
180,cco1cco2_1_1,cco1cco2,1,1,0.43,0
181,cco1cco2_1_10,cco1cco2,1,10,0.56,0
182,cco1cco2_1_11,cco1cco2,1,11,0.49,0
183,cco1cco2_1_12,cco1cco2,1,12,0.46,0
184,cco1cco2_1_13,cco1cco2,1,13,0.36,0
185,cco1cco2_1_14,cco1cco2,1,14,0.71,0
186,cco1cco2_1_15,cco1cco2,1,15,0.41,0
187,cco1cco2_1_16,cco1cco2,1,16,98.45,0
188,cco1cco2_1_17,cco1cco2,1,17,0.45,0
189,cco1cco2_1_18,cco1cco2,1,18,0.38,0
190,cco1cco2_1_19,cco1cco2,1,19,0.02,0
191,cco1cco2_1_2,cco1cco2,1,2,98.45,0
192,cco1cco2_1_20,cco1cco2,1,20,0.72,0
193,cco1cco2_1_21,cco1cco2,1,21,0.49,0
194,cco1cco2_1_22,cco1cco2,1,22,97.94,0
195,cco1cco2_1_23,cco1cco2,1,23,98.87,0
196,cco1cco2_1_24,cco1cco2,1,24,0.28,0
197,cco1cco2_1_25,cco1cco2,1,25,0.21,0
198,cco1cco2_1_26,cco1cco2,1,26,0.03,0
199,cco1cco2_1_27,cco1cco2,1,27,0.14,0
200,cco1cco2_1_28,cco1cco2,1,28,98.14,0
201,cco1cco2_1_29,cco1cco2,1,29,98.56,0
202,cco1cco2_1_3,cco1cco2,1,3,0.68,0
203,cco1cco2_1_30,cco1cco2,1,30,98.31,0
204,cco1cco2_1_31,cco1cco2,1,31,98.35,4
205,cco1cco2_1_32,cco1cco2,1,32,97.83,0
206,cco1cco2_1_33,cco1cco2,1,33,97.61,0
207,cco1cco2_1_34,cco1cco2,1,34,97.86,0
208,cco1cco2_1_35,cco1cco2,1,35,0.08,0
209,cco1cco2_1_36,cco1cco2,1,36,98.32,0
210,cco1cco2_1_4,cco1cco2,1,4,0.57,0
211,cco1cco2_1_5,cco1cco2,1,5,98.28,0
212,cco1cco2_1_6,cco1cco2,1,6,0.49,0
213,cco1cco2_1_7,cco1cco2,1,7,0.59,0
214,cco1cco2_1_8,cco1cco2,1,8,0.56,0
215,cco1cco2_1_9,cco1cco2,1,9,0.45,0
216,cco1cco2_2_1,cco1cco2,2,1,97.47,0
217,cco1cco2_2_10,cco1cco2,2,10,97.81,0
218,cco1cco2_2_11,cco1cco2,2,11,0.06,0
219,cco1cco2_2_12,cco1cco2,2,12,98.15,0
220,cco1cco2_2_13,cco1cco2,2,13,0.41,0
221,cco1cco2_2_14,cco1cco2,2,14,96.56,0
222,cco1cco2_2_15,cco1cco2,2,15,97.73,0
223,cco1cco2_2_16,cco1cco2,2,16,97.6,0
224,cco1cco2_2_17,cco1cco2,2,17,98.24,0
225,cco1cco2_2_18,cco1cco2,2,18,97.91,0
226,cco1cco2_2_19,cco1cco2,2,19,0.67,0
227,cco1cco2_2_2,cco1cco2,2,2,97.18,0
228,cco1cco2_2_20,cco1cco2,2,20,98.0,0
229,cco1cco2_2_21,cco1cco2,2,21,97.14,0
230,cco1cco2_2_22,cco1cco2,2,22,0.01,0
231,cco1cco2_2_23,cco1cco2,2,23,98.46,0
232,cco1cco2_2_24,cco1cco2,2,24,98.25,0
233,cco1cco2_2_25,cco1cco2,2,25,96.59,0
234,cco1cco2_2_26,cco1cco2,2,26,97.75,0
235,cco1cco2_2_27,cco1cco2,2,27,97.58,0
236,cco1cco2_2_28,cco1cco2,2,28,97.96,0
237,cco1cco2_2_29,cco1cco2,2,29,0.02,0
238,cco1cco2_2_3,cco1cco2,2,3,97.04,0
239,cco1cco2_2_30,cco1cco2,2,30,0.04,0
240,cco1cco2_2_31,cco1cco2,2,31,98.1,4
241,cco1cco2_2_32,cco1cco2,2,32,97.27,0
242,cco1cco2_2_33,cco1cco2,2,33,97.24,0
243,cco1cco2_2_34,cco1cco2,2,34,97.51,0
244,cco1cco2_2_35,cco1cco2,2,35,97.46,0
245,cco1cco2_2_36,cco1cco2,2,36,97.7,0
246,cco1cco2_2_4,cco1cco2,2,4,97.74,0
247,cco1cco2_2_5,cco1cco2,2,5,97.42,0
248,cco1cco2_2_6,cco1cco2,2,6,97.84,0
249,cco1cco2_2_7,cco1cco2,2,7,96.86,0
250,cco1cco2_2_8,cco1cco2,2,8,0.53,0
251,cco1cco2_2_9,cco1cco2,2,9,98.59,0
252,cco1cco2_3_1,cco1cco2,3,1,98.18,0
253,cco1cco2_3_10,cco1cco2,3,10,98.37,0
254,cco1cco2_3_11,cco1cco2,3,11,98.66,0
255,cco1cco2_3_12,cco1cco2,3,12,98.34,0
256,cco1cco2_3_13,cco1cco2,3,13,98.24,1
257,cco1cco2_3_14,cco1cco2,3,14,95.88,0
258,cco1cco2_3_15,cco1cco2,3,15,97.68,0
259,cco1cco2_3_16,cco1cco2,3,16,98.23,0
260,cco1cco2_3_17,cco1cco2,3,17,98.25,0
261,cco1cco2_3_18,cco1cco2,3,18,98.26,0
262,cco1cco2_3_19,cco1cco2,3,19,97.19,0
263,cco1cco2_3_2,cco1cco2,3,2,97.51,0
264,cco1cco2_3_20,cco1cco2,3,20,98.1,0
265,cco1cco2_3_21,cco1cco2,3,21,97.57,0
266,cco1cco2_3_22,cco1cco2,3,22,98.09,0
267,cco1cco2_3_23,cco1cco2,3,23,98.55,0
268,cco1cco2_3_24,cco1cco2,3,24,98.43,0
269,cco1cco2_3_25,cco1cco2,3,25,97.22,0
270,cco1cco2_3_26,cco1cco2,3,26,97.19,0
271,cco1cco2_3_27,cco1cco2,3,27,97.91,0
272,cco1cco2_3_28,cco1cco2,3,28,97.95,0
273,cco1cco2_3_29,cco1cco2,3,29,98.47,0
274,cco1cco2_3_3,cco1cco2,3,3,97.61,0
275,cco1cco2_3_30,cco1cco2,3,30,98.32,0
276,cco1cco2_3_31,cco1cco2,3,31,98.48,1
277,cco1cco2_3_32,cco1cco2,3,32,97.5,0
278,cco1cco2_3_33,cco1cco2,3,33,97.76,0
279,cco1cco2_3_34,cco1cco2,3,34,97.71,0
280,cco1cco2_3_35,cco1cco2,3,35,98.42,0
281,cco1cco2_3_36,cco1cco2,3,36,98.06,0
282,cco1cco2_3_4,cco1cco2,3,4,98.3,0
283,cco1cco2_3_5,cco1cco2,3,5,97.91,0
284,cco1cco2_3_6,cco1cco2,3,6,98.36,0
285,cco1cco2_3_7,cco1cco2,3,7,97.73,0
286,cco1cco2_3_8,cco1cco2,3,8,97.54,0
287,cco1cco2_3_9,cco1cco2,3,9,98.81,0
288,cco1cco2_4_1,cco1cco2,4,1,86.06,0
289,cco1cco2_4_10,cco1cco2,4,10,88.32,0
290,cco1cco2_4_11,cco1cco2,4,11,85.55,0
291,cco1cco2_4_12,cco1cco2,4,12,85.6,0
292,cco1cco2_4_13,cco1cco2,4,13,89.28,19
293,cco1cco2_4_14,cco1cco2,4,14,84.95,0
294,cco1cco2_4_15,cco1cco2,4,15,88.58,0
295,cco1cco2_4_16,cco1cco2,4,16,86.08,0
296,cco1cco2_4_17,cco1cco2,4,17,88.75,0
297,cco1cco2_4_18,cco1cco2,4,18,87.3,0
298,cco1cco2_4_19,cco1cco2,4,19,83.44,0
299,cco1cco2_4_2,cco1cco2,4,2,86.73,0
300,cco1cco2_4_20,cco1cco2,4,20,85.36,0
301,cco1cco2_4_21,cco1cco2,4,21,84.87,0
302,cco1cco2_4_22,cco1cco2,4,22,86.99,0
303,cco1cco2_4_23,cco1cco2,4,23,88.21,0
304,cco1cco2_4_24,cco1cco2,4,24,86.6,0
305,cco1cco2_4_25,cco1cco2,4,25,82.64,0
306,cco1cco2_4_26,cco1cco2,4,26,84.7,0
307,cco1cco2_4_27,cco1cco2,4,27,85.88,0
308,cco1cco2_4_28,cco1cco2,4,28,85.82,0
309,cco1cco2_4_29,cco1cco2,4,29,88.02,0
310,cco1cco2_4_3,cco1cco2,4,3,83.95,0
311,cco1cco2_4_30,cco1cco2,4,30,87.8,0
312,cco1cco2_4_31,cco1cco2,4,31,82.72,11
313,cco1cco2_4_32,cco1cco2,4,32,81.57,0
314,cco1cco2_4_33,cco1cco2,4,33,82.83,0
315,cco1cco2_4_34,cco1cco2,4,34,85.83,0
316,cco1cco2_4_35,cco1cco2,4,35,86.34,0
317,cco1cco2_4_36,cco1cco2,4,36,86.69,0
318,cco1cco2_4_4,cco1cco2,4,4,85.39,1
319,cco1cco2_4_5,cco1cco2,4,5,85.32,0
320,cco1cco2_4_6,cco1cco2,4,6,81.96,0
321,cco1cco2_4_7,cco1cco2,4,7,85.42,0
322,cco1cco2_4_8,cco1cco2,4,8,86.11,0
323,cco1cco2_4_9,cco1cco2,4,9,88.49,0
324,cco1cco2_5_1,cco1cco2,5,1,83.58,0
325,cco1cco2_5_10,cco1cco2,5,10,84.33,0
326,cco1cco2_5_11,cco1cco2,5,11,83.7,0
327,cco1cco2_5_12,cco1cco2,5,12,84.15,1
328,cco1cco2_5_13,cco1cco2,5,13,85.79,37
329,cco1cco2_5_14,cco1cco2,5,14,85.04,0
330,cco1cco2_5_15,cco1cco2,5,15,85.26,6
331,cco1cco2_5_16,cco1cco2,5,16,86.37,0
332,cco1cco2_5_17,cco1cco2,5,17,85.44,0
333,cco1cco2_5_18,cco1cco2,5,18,84.62,0
334,cco1cco2_5_19,cco1cco2,5,19,81.88,0
335,cco1cco2_5_2,cco1cco2,5,2,84.67,0
336,cco1cco2_5_20,cco1cco2,5,20,84.68,0
337,cco1cco2_5_21,cco1cco2,5,21,80.07,0
338,cco1cco2_5_22,cco1cco2,5,22,85.53,1
339,cco1cco2_5_23,cco1cco2,5,23,87.75,1
340,cco1cco2_5_24,cco1cco2,5,24,85.77,0
341,cco1cco2_5_25,cco1cco2,5,25,79.74,4
342,cco1cco2_5_26,cco1cco2,5,26,83.73,1
343,cco1cco2_5_27,cco1cco2,5,27,84.25,0
344,cco1cco2_5_28,cco1cco2,5,28,82.05,0
345,cco1cco2_5_29,cco1cco2,5,29,85.92,0
346,cco1cco2_5_3,cco1cco2,5,3,82.67,0
347,cco1cco2_5_30,cco1cco2,5,30,84.45,2
348,cco1cco2_5_31,cco1cco2,5,31,84.6,29
349,cco1cco2_5_32,cco1cco2,5,32,83.47,0
350,cco1cco2_5_33,cco1cco2,5,33,82.41,0
351,cco1cco2_5_34,cco1cco2,5,34,83.78,1
352,cco1cco2_5_35,cco1cco2,5,35,84.94,3
353,cco1cco2_5_36,cco1cco2,5,36,84.6,1
354,cco1cco2_5_4,cco1cco2,5,4,81.44,8
355,cco1cco2_5_5,cco1cco2,5,5,80.71,0
356,cco1cco2_5_6,cco1cco2,5,6,80.8,0
357,cco1cco2_5_7,cco1cco2,5,7,83.43,2
358,cco1cco2_5_8,cco1cco2,5,8,83.17,1
359,cco1cco2_5_9,cco1cco2,5,9,84.78,0
360,dipA_1_1,dipA,1,1,98.04,0
361,dipA_1_10,dipA,1,10,97.44,0
362,dipA_1_11,dipA,1,11,98.36,0
363,dipA_1_12,dipA,1,12,98.35,0
364,dipA_1_13,dipA,1,13,97.15,0
365,dipA_1_14,dipA,1,14,97.74,0
366,dipA_1_15,dipA,1,15,97.67,0
367,dipA_1_16,dipA,1,16,98.73,0
368,dipA_1_17,dipA,1,17,97.72,0
369,dipA_1_18,dipA,1,18,97.73,0
370,dipA_1_19,dipA,1,19,97.19,0
371,dipA_1_2,dipA,1,2,97.97,0
372,dipA_1_20,dipA,1,20,97.51,0
373,dipA_1_21,dipA,1,21,97.56,0
374,dipA_1_22,dipA,1,22,98.15,0
375,dipA_1_23,dipA,1,23,97.95,0
376,dipA_1_24,dipA,1,24,97.25,0
377,dipA_1_25,dipA,1,25,97.52,0
378,dipA_1_26,dipA,1,26,98.16,0
379,dipA_1_27,dipA,1,27,98.2,0
380,dipA_1_28,dipA,1,28,97.77,0
381,dipA_1_29,dipA,1,29,97.91,0
382,dipA_1_3,dipA,1,3,98.03,0
383,dipA_1_30,dipA,1,30,97.6,0
384,dipA_1_31,dipA,1,31,97.61,0
385,dipA_1_32,dipA,1,32,98.16,0
386,dipA_1_33,dipA,1,33,98.11,0
387,dipA_1_34,dipA,1,34,98.15,0
388,dipA_1_35,dipA,1,35,98.02,0
389,dipA_1_36,dipA,1,36,97.66,0
390,dipA_1_4,dipA,1,4,98.44,0
391,dipA_1_5,dipA,1,5,98.58,0
392,dipA_1_6,dipA,1,6,98.15,0
393,dipA_1_7,dipA,1,7,97.47,0
394,dipA_1_8,dipA,1,8,97.75,0
395,dipA_1_9,dipA,1,9,97.31,0
396,dipA_2_1,dipA,2,1,90.14,0
397,dipA_2_10,dipA,2,10,12.71,0
398,dipA_2_11,dipA,2,11,91.7,0
399,dipA_2_12,dipA,2,12,83.83,0
400,dipA_2_13,dipA,2,13,87.58,0
401,dipA_2_14,dipA,2,14,91.91,0
402,dipA_2_15,dipA,2,15,91.32,0
403,dipA_2_16,dipA,2,16,88.44,0
404,dipA_2_17,dipA,2,17,86.43,0
405,dipA_2_18,dipA,2,18,84.28,0
406,dipA_2_19,dipA,2,19,89.75,0
407,dipA_2_2,dipA,2,2,90.99,0
408,dipA_2_20,dipA,2,20,90.74,0
409,dipA_2_21,dipA,2,21,90.48,0
410,dipA_2_22,dipA,2,22,90.44,0
411,dipA_2_23,dipA,2,23,87.79,0
412,dipA_2_24,dipA,2,24,82.48,0
413,dipA_2_25,dipA,2,25,89.16,0
414,dipA_2_26,dipA,2,26,90.9,0
415,dipA_2_27,dipA,2,27,90.13,0
416,dipA_2_28,dipA,2,28,90.66,0
417,dipA_2_29,dipA,2,29,86.63,0
418,dipA_2_3,dipA,2,3,87.51,0
419,dipA_2_30,dipA,2,30,81.89,0
420,dipA_2_31,dipA,2,31,89.39,0
421,dipA_2_32,dipA,2,32,89.73,0
422,dipA_2_33,dipA,2,33,89.09,0
423,dipA_2_34,dipA,2,34,90.79,0
424,dipA_2_35,dipA,2,35,90.75,0
425,dipA_2_36,dipA,2,36,82.57,0
426,dipA_2_4,dipA,2,4,85.32,0
427,dipA_2_5,dipA,2,5,83.75,0
428,dipA_2_6,dipA,2,6,85.2,0
429,dipA_2_7,dipA,2,7,89.82,0
430,dipA_2_8,dipA,2,8,87.99,0
431,dipA_2_9,dipA,2,9,87.05,0
432,dipA_3_1,dipA,3,1,8.39,0
433,dipA_3_10,dipA,3,10,16.62,0
434,dipA_3_11,dipA,3,11,4.0,0
435,dipA_3_12,dipA,3,12,18.53,0
436,dipA_3_13,dipA,3,13,9.88,0
437,dipA_3_14,dipA,3,14,3.94,0
438,dipA_3_15,dipA,3,15,5.98,0
439,dipA_3_16,dipA,3,16,6.88,0
440,dipA_3_17,dipA,3,17,15.46,0
441,dipA_3_18,dipA,3,18,19.23,0
442,dipA_3_19,dipA,3,19,5.47,0
443,dipA_3_2,dipA,3,2,6.12,0
444,dipA_3_20,dipA,3,20,6.89,0
445,dipA_3_21,dipA,3,21,6.14,0
446,dipA_3_22,dipA,3,22,6.05,0
447,dipA_3_23,dipA,3,23,8.09,0
448,dipA_3_24,dipA,3,24,19.68,0
449,dipA_3_25,dipA,3,25,11.43,0
450,dipA_3_26,dipA,3,26,7.99,0
451,dipA_3_27,dipA,3,27,5.94,0
452,dipA_3_28,dipA,3,28,6.71,0
453,dipA_3_29,dipA,3,29,19.92,0
454,dipA_3_3,dipA,3,3,15.53,0
455,dipA_3_30,dipA,3,30,15.43,0
456,dipA_3_31,dipA,3,31,9.23,0
457,dipA_3_32,dipA,3,32,7.37,0
458,dipA_3_33,dipA,3,33,6.84,0
459,dipA_3_34,dipA,3,34,7.89,0
460,dipA_3_35,dipA,3,35,5.76,0
461,dipA_3_36,dipA,3,36,20.65,0
462,dipA_3_4,dipA,3,4,18.79,0
463,dipA_3_5,dipA,3,5,17.75,0
464,dipA_3_6,dipA,3,6,18.87,0
465,dipA_3_7,dipA,3,7,13.13,0
466,dipA_3_8,dipA,3,8,15.28,0
467,dipA_3_9,dipA,3,9,16.28,0
468,dipA_4_1,dipA,4,1,12.19,0
469,dipA_4_10,dipA,4,10,11.47,0
470,dipA_4_11,dipA,4,11,12.68,1
471,dipA_4_12,dipA,4,12,16.06,0
472,dipA_4_13,dipA,4,13,13.05,0
473,dipA_4_14,dipA,4,14,9.15,0
474,dipA_4_15,dipA,4,15,11.87,2
475,dipA_4_16,dipA,4,16,10.73,0
476,dipA_4_17,dipA,4,17,16.13,2
477,dipA_4_18,dipA,4,18,17.42,0
478,dipA_4_19,dipA,4,19,9.63,0
479,dipA_4_2,dipA,4,2,10.42,1
480,dipA_4_20,dipA,4,20,10.52,0
481,dipA_4_21,dipA,4,21,11.76,1
482,dipA_4_22,dipA,4,22,13.11,0
483,dipA_4_23,dipA,4,23,12.22,0
484,dipA_4_24,dipA,4,24,16.05,0
485,dipA_4_25,dipA,4,25,10.83,1
486,dipA_4_26,dipA,4,26,16.6,0
487,dipA_4_27,dipA,4,27,11.02,0
488,dipA_4_28,dipA,4,28,10.17,0
489,dipA_4_29,dipA,4,29,8.44,0
490,dipA_4_3,dipA,4,3,14.57,7
491,dipA_4_30,dipA,4,30,13.54,0
492,dipA_4_31,dipA,4,31,12.79,0
493,dipA_4_32,dipA,4,32,11.07,0
494,dipA_4_33,dipA,4,33,10.34,2
495,dipA_4_34,dipA,4,34,10.78,0
496,dipA_4_35,dipA,4,35,11.23,0
497,dipA_4_36,dipA,4,36,10.76,0
498,dipA_4_4,dipA,4,4,17.33,0
499,dipA_4_5,dipA,4,5,16.37,0
500,dipA_4_6,dipA,4,6,18.06,0
501,dipA_4_7,dipA,4,7,12.05,0
502,dipA_4_8,dipA,4,8,10.52,1
503,dipA_4_9,dipA,4,9,8.9,0
504,dipA_5_1,dipA,5,1,9.8,8
505,dipA_5_10,dipA,5,10,10.76,0
506,dipA_5_11,dipA,5,11,10.84,2
507,dipA_5_12,dipA,5,12,17.35,17
508,dipA_5_13,dipA,5,13,9.71,8
509,dipA_5_14,dipA,5,14,10.48,21
510,dipA_5_15,dipA,5,15,11.24,4
511,dipA_5_16,dipA,5,16,12.21,13
512,dipA_5_17,dipA,5,17,8.47,3
513,dipA_5_18,dipA,5,18,17.55,0
514,dipA_5_19,dipA,5,19,8.91,2
515,dipA_5_2,dipA,5,2,8.07,24
516,dipA_5_20,dipA,5,20,12.3,1
517,dipA_5_21,dipA,5,21,12.64,1
518,dipA_5_22,dipA,5,22,10.33,0
519,dipA_5_23,dipA,5,23,10.92,5
520,dipA_5_24,dipA,5,24,14.94,9
521,dipA_5_25,dipA,5,25,11.45,1
522,dipA_5_26,dipA,5,26,16.7,84
523,dipA_5_27,dipA,5,27,18.84,0
524,dipA_5_28,dipA,5,28,11.18,6
525,dipA_5_29,dipA,5,29,10.06,34
526,dipA_5_3,dipA,5,3,9.99,23
527,dipA_5_30,dipA,5,30,17.44,0
528,dipA_5_31,dipA,5,31,13.13,2
529,dipA_5_32,dipA,5,32,12.11,3
530,dipA_5_33,dipA,5,33,11.83,4
531,dipA_5_34,dipA,5,34,11.42,0
532,dipA_5_35,dipA,5,35,9.3,2
533,dipA_5_36,dipA,5,36,12.53,0
534,dipA_5_4,dipA,5,4,15.91,0
535,dipA_5_5,dipA,5,5,15.86,0
536,dipA_5_6,dipA,5,6,16.4,0
537,dipA_5_7,dipA,5,7,10.87,11
538,dipA_5_8,dipA,5,8,10.62,9
539,dipA_5_9,dipA,5,9,8.84,3
540,pas9_1_1,pas9,1,1,95.06,0
541,pas9_1_10,pas9,1,10,95.88,0
542,pas9_1_11,pas9,1,11,96.47,0
543,pas9_1_12,pas9,1,12,95.99,0
544,pas9_1_13,pas9,1,13,96.83,0
545,pas9_1_14,pas9,1,14,95.46,0
546,pas9_1_15,pas9,1,15,95.4,0
547,pas9_1_16,pas9,1,16,96.01,0
548,pas9_1_17,pas9,1,17,96.16,0
549,pas9_1_18,pas9,1,18,96.18,0
550,pas9_1_19,pas9,1,19,94.95,0
551,pas9_1_2,pas9,1,2,95.13,0
552,pas9_1_20,pas9,1,20,94.45,0
553,pas9_1_21,pas9,1,21,96.69,0
554,pas9_1_22,pas9,1,22,97.49,0
555,pas9_1_23,pas9,1,23,0.0,0
556,pas9_1_24,pas9,1,24,96.21,0
557,pas9_1_25,pas9,1,25,95.43,0
558,pas9_1_26,pas9,1,26,96.15,0
559,pas9_1_27,pas9,1,27,95.59,0
560,pas9_1_28,pas9,1,28,95.83,0
561,pas9_1_29,pas9,1,29,96.46,0
562,pas9_1_3,pas9,1,3,95.24,0
563,pas9_1_30,pas9,1,30,96.03,0
564,pas9_1_31,pas9,1,31,94.89,0
565,pas9_1_32,pas9,1,32,95.52,0
566,pas9_1_33,pas9,1,33,95.13,0
567,pas9_1_34,pas9,1,34,95.02,0
568,pas9_1_35,pas9,1,35,95.84,0
569,pas9_1_36,pas9,1,36,95.63,0
570,pas9_1_4,pas9,1,4,95.52,0
571,pas9_1_5,pas9,1,5,96.07,0
572,pas9_1_6,pas9,1,6,95.91,0
573,pas9_1_7,pas9,1,7,95.77,0
574,pas9_1_8,pas9,1,8,95.24,0
575,pas9_1_9,pas9,1,9,95.39,0
576,pas9_2_1,pas9,2,1,91.42,0
577,pas9_2_10,pas9,2,10,93.95,0
578,pas9_2_11,pas9,2,11,93.77,0
579,pas9_2_12,pas9,2,12,93.89,0
580,pas9_2_13,pas9,2,13,90.84,0
581,pas9_2_14,pas9,2,14,90.79,0
582,pas9_2_15,pas9,2,15,91.57,0
583,pas9_2_16,pas9,2,16,91.33,0
584,pas9_2_17,pas9,2,17,93.11,0
585,pas9_2_18,pas9,2,18,94.33,0
586,pas9_2_19,pas9,2,19,91.72,0
587,pas9_2_2,pas9,2,2,91.98,0
588,pas9_2_20,pas9,2,20,90.32,0
589,pas9_2_21,pas9,2,21,95.25,0
590,pas9_2_22,pas9,2,22,97.24,0
591,pas9_2_23,pas9,2,23,97.62,0
592,pas9_2_24,pas9,2,24,93.43,0
593,pas9_2_25,pas9,2,25,89.13,0
594,pas9_2_26,pas9,2,26,91.68,0
595,pas9_2_27,pas9,2,27,92.74,0
596,pas9_2_28,pas9,2,28,92.99,0
597,pas9_2_29,pas9,2,29,95.27,0
598,pas9_2_3,pas9,2,3,93.45,0
599,pas9_2_30,pas9,2,30,95.25,0
600,pas9_2_31,pas9,2,31,92.77,0
601,pas9_2_32,pas9,2,32,91.75,0
602,pas9_2_33,pas9,2,33,91.88,0
603,pas9_2_34,pas9,2,34,92.79,0
604,pas9_2_35,pas9,2,35,93.13,0
605,pas9_2_36,pas9,2,36,94.23,0
606,pas9_2_4,pas9,2,4,92.53,0
607,pas9_2_5,pas9,2,5,94.64,0
608,pas9_2_6,pas9,2,6,94.76,0
609,pas9_2_7,pas9,2,7,90.03,0
610,pas9_2_8,pas9,2,8,91.34,0
611,pas9_2_9,pas9,2,9,92.42,0
612,pas9_3_1,pas9,3,1,83.43,0
613,pas9_3_10,pas9,3,10,79.04,1
614,pas9_3_11,pas9,3,11,84.14,0
615,pas9_3_12,pas9,3,12,78.99,0
616,pas9_3_13,pas9,3,13,81.76,1
617,pas9_3_14,pas9,3,14,80.93,0
618,pas9_3_15,pas9,3,15,79.7,0
619,pas9_3_16,pas9,3,16,77.72,0
620,pas9_3_17,pas9,3,17,81.4,0
621,pas9_3_18,pas9,3,18,81.13,0
622,pas9_3_19,pas9,3,19,82.3,0
623,pas9_3_2,pas9,3,2,83.56,0
624,pas9_3_20,pas9,3,20,79.33,0
625,pas9_3_21,pas9,3,21,83.61,0
626,pas9_3_22,pas9,3,22,84.41,0
627,pas9_3_23,pas9,3,23,85.41,0
628,pas9_3_24,pas9,3,24,80.37,0
629,pas9_3_25,pas9,3,25,82.22,0
630,pas9_3_26,pas9,3,26,83.29,1
631,pas9_3_27,pas9,3,27,79.19,0
632,pas9_3_28,pas9,3,28,81.52,0
633,pas9_3_29,pas9,3,29,90.84,0
634,pas9_3_3,pas9,3,3,78.8,0
635,pas9_3_30,pas9,3,30,83.3,0
636,pas9_3_31,pas9,3,31,84.95,0
637,pas9_3_32,pas9,3,32,81.39,0
638,pas9_3_33,pas9,3,33,82.0,0
639,pas9_3_34,pas9,3,34,82.29,0
640,pas9_3_35,pas9,3,35,82.11,0
641,pas9_3_36,pas9,3,36,83.37,0
642,pas9_3_4,pas9,3,4,77.1,0
643,pas9_3_5,pas9,3,5,81.85,0
644,pas9_3_6,pas9,3,6,81.79,1
645,pas9_3_7,pas9,3,7,78.42,0
646,pas9_3_8,pas9,3,8,79.98,0
647,pas9_3_9,pas9,3,9,80.29,0
648,pas9_4_1,pas9,4,1,16.93,0
649,pas9_4_10,pas9,4,10,9.99,0
650,pas9_4_11,pas9,4,11,12.29,0
651,pas9_4_12,pas9,4,12,13.61,0
652,pas9_4_13,pas9,4,13,16.84,0
653,pas9_4_14,pas9,4,14,19.89,0
654,pas9_4_15,pas9,4,15,19.25,0
655,pas9_4_16,pas9,4,16,18.71,0
656,pas9_4_17,pas9,4,17,21.26,0
657,pas9_4_18,pas9,4,18,19.07,0
658,pas9_4_19,pas9,4,19,14.75,0
659,pas9_4_2,pas9,4,2,18.61,0
660,pas9_4_20,pas9,4,20,20.66,0
661,pas9_4_21,pas9,4,21,21.51,0
662,pas9_4_22,pas9,4,22,21.75,0
663,pas9_4_23,pas9,4,23,19.42,0
664,pas9_4_24,pas9,4,24,21.32,0
665,pas9_4_25,pas9,4,25,14.23,0
666,pas9_4_26,pas9,4,26,19.85,0
667,pas9_4_27,pas9,4,27,24.81,0
668,pas9_4_28,pas9,4,28,23.85,0
669,pas9_4_29,pas9,4,29,94.56,0
670,pas9_4_3,pas9,4,3,21.66,0
671,pas9_4_30,pas9,4,30,22.73,0
672,pas9_4_31,pas9,4,31,17.71,0
673,pas9_4_32,pas9,4,32,18.33,0
674,pas9_4_33,pas9,4,33,21.32,0
675,pas9_4_34,pas9,4,34,21.46,0
676,pas9_4_35,pas9,4,35,17.37,0
677,pas9_4_36,pas9,4,36,21.54,0
678,pas9_4_4,pas9,4,4,15.85,0
679,pas9_4_5,pas9,4,5,19.69,0
680,pas9_4_6,pas9,4,6,24.19,2
681,pas9_4_7,pas9,4,7,15.84,0
682,pas9_4_8,pas9,4,8,17.03,0
683,pas9_4_9,pas9,4,9,17.17,0
684,pas9_5_1,pas9,5,1,15.59,0
685,pas9_5_10,pas9,5,10,10.0,2
686,pas9_5_11,pas9,5,11,9.17,4
687,pas9_5_12,pas9,5,12,12.65,4
688,pas9_5_13,pas9,5,13,18.65,5
689,pas9_5_14,pas9,5,14,18.07,0
690,pas9_5_15,pas9,5,15,18.47,3
691,pas9_5_16,pas9,5,16,16.73,0
692,pas9_5_17,pas9,5,17,19.08,0
693,pas9_5_18,pas9,5,18,8.69,0
694,pas9_5_19,pas9,5,19,15.15,0
695,pas9_5_2,pas9,5,2,14.71,4
696,pas9_5_20,pas9,5,20,11.0,0
697,pas9_5_21,pas9,5,21,16.72,0
698,pas9_5_22,pas9,5,22,19.1,0
699,pas9_5_23,pas9,5,23,20.04,6
700,pas9_5_24,pas9,5,24,17.07,0
701,pas9_5_25,pas9,5,25,16.27,1
702,pas9_5_26,pas9,5,26,17.19,9
703,pas9_5_27,pas9,5,27,18.07,0
704,pas9_5_28,pas9,5,28,20.06,0
705,pas9_5_29,pas9,5,29,8.12,2
706,pas9_5_3,pas9,5,3,17.43,0
707,pas9_5_30,pas9,5,30,19.13,0
708,pas9_5_31,pas9,5,31,14.8,0
709,pas9_5_32,pas9,5,32,18.62,0
710,pas9_5_33,pas9,5,33,18.96,0
711,pas9_5_34,pas9,5,34,17.12,0
712,pas9_5_35,pas9,5,35,16.6,0
713,pas9_5_36,pas9,5,36,17.24,0
714,pas9_5_4,pas9,5,4,11.44,4
715,pas9_5_5,pas9,5,5,18.72,0
716,pas9_5_6,pas9,5,6,19.9,23
717,pas9_5_7,pas9,5,7,12.43,4
718,pas9_5_8,pas9,5,8,15.27,0
719,pas9_5_9,pas9,5,9,12.66,1
720,phz_1_1,phz,1,1,95.56,0
721,phz_1_10,phz,1,10,96.39,0
722,phz_1_11,phz,1,11,96.91,0
723,phz_1_12,phz,1,12,95.6,0
724,phz_1_13,phz,1,13,95.53,0
725,phz_1_14,phz,1,14,95.41,0
726,phz_1_15,phz,1,15,96.31,0
727,phz_1_16,phz,1,16,96.6,0
728,phz_1_17,phz,1,17,96.31,0
729,phz_1_18,phz,1,18,96.66,0
730,phz_1_19,phz,1,19,95.71,0
731,phz_1_2,phz,1,2,96.1,0
732,phz_1_20,phz,1,20,96.45,0
733,phz_1_21,phz,1,21,96.13,0
734,phz_1_22,phz,1,22,97.29,0
735,phz_1_23,phz,1,23,96.53,0
736,phz_1_24,phz,1,24,96.12,0
737,phz_1_25,phz,1,25,95.96,0
738,phz_1_26,phz,1,26,95.38,0
739,phz_1_27,phz,1,27,96.9,0
740,phz_1_28,phz,1,28,96.19,0
741,phz_1_29,phz,1,29,96.64,0
742,phz_1_3,phz,1,3,95.77,0
743,phz_1_30,phz,1,30,96.48,0
744,phz_1_31,phz,1,31,94.87,0
745,phz_1_32,phz,1,32,95.83,0
746,phz_1_33,phz,1,33,95.31,0
747,phz_1_34,phz,1,34,95.23,0
748,phz_1_35,phz,1,35,96.44,0
749,phz_1_36,phz,1,36,95.69,0
750,phz_1_37,phz,1,37,5.56,4
751,phz_1_38,phz,1,38,39.33,371
752,phz_1_4,phz,1,4,95.75,0
753,phz_1_5,phz,1,5,95.4,0
754,phz_1_6,phz,1,6,95.31,0
755,phz_1_7,phz,1,7,96.24,0
756,phz_1_8,phz,1,8,95.22,0
757,phz_1_9,phz,1,9,96.21,0
758,phz_2_1,phz,2,1,80.35,2
759,phz_2_10,phz,2,10,81.15,0
760,phz_2_11,phz,2,11,79.01,0
761,phz_2_12,phz,2,12,76.33,0
762,phz_2_13,phz,2,13,79.6,0
763,phz_2_14,phz,2,14,79.14,0
764,phz_2_15,phz,2,15,82.46,3
765,phz_2_16,phz,2,16,85.59,0
766,phz_2_17,phz,2,17,77.4,0
767,phz_2_18,phz,2,18,75.73,0
768,phz_2_19,phz,2,19,79.66,0
769,phz_2_2,phz,2,2,76.53,0
770,phz_2_20,phz,2,20,80.23,0
771,phz_2_21,phz,2,21,79.21,5
772,phz_2_22,phz,2,22,82.05,0
773,phz_2_23,phz,2,23,79.7,0
774,phz_2_24,phz,2,24,77.03,0
775,phz_2_25,phz,2,25,81.74,0
776,phz_2_26,phz,2,26,78.98,0
777,phz_2_27,phz,2,27,76.91,1
778,phz_2_28,phz,2,28,80.86,1
779,phz_2_29,phz,2,29,78.13,0
780,phz_2_3,phz,2,3,78.25,0
781,phz_2_30,phz,2,30,76.96,0
782,phz_2_31,phz,2,31,83.57,1
783,phz_2_32,phz,2,32,80.99,0
784,phz_2_33,phz,2,33,80.07,0
785,phz_2_34,phz,2,34,80.92,0
786,phz_2_35,phz,2,35,81.17,0
787,phz_2_36,phz,2,36,78.91,0
788,phz_2_37,phz,2,37,14.82,127
789,phz_2_38,phz,2,38,33.9,17
790,phz_2_4,phz,2,4,77.88,0
791,phz_2_5,phz,2,5,76.35,0
792,phz_2_6,phz,2,6,74.85,0
793,phz_2_7,phz,2,7,81.03,0
794,phz_2_8,phz,2,8,79.41,0
795,phz_2_9,phz,2,9,80.35,0
796,phz_3_1,phz,3,1,18.63,32
797,phz_3_10,phz,3,10,16.41,0
798,phz_3_11,phz,3,11,79.44,1
799,phz_3_12,phz,3,12,19.23,0
800,phz_3_13,phz,3,13,81.53,4
801,phz_3_14,phz,3,14,81.33,7
802,phz_3_15,phz,3,15,15.31,5
803,phz_3_16,phz,3,16,15.79,2
804,phz_3_17,phz,3,17,80.6,3
805,phz_3_18,phz,3,18,16.04,0
806,phz_3_19,phz,3,19,80.79,0
807,phz_3_2,phz,3,2,78.73,0
808,phz_3_20,phz,3,20,81.39,1
809,phz_3_21,phz,3,21,15.8,13
810,phz_3_22,phz,3,22,16.45,5
811,phz_3_23,phz,3,23,82.82,3
812,phz_3_24,phz,3,24,80.37,1
813,phz_3_25,phz,3,25,14.93,0
814,phz_3_26,phz,3,26,16.27,0
815,phz_3_27,phz,3,27,80.63,0
816,phz_3_28,phz,3,28,15.55,1
817,phz_3_29,phz,3,29,16.7,2
818,phz_3_3,phz,3,3,11.39,0
819,phz_3_30,phz,3,30,19.9,0
820,phz_3_31,phz,3,31,16.92,0
821,phz_3_32,phz,3,32,15.84,0
822,phz_3_33,phz,3,33,80.21,1
823,phz_3_34,phz,3,34,15.93,0
824,phz_3_35,phz,3,35,17.28,0
825,phz_3_36,phz,3,36,17.16,0
826,phz_3_37,phz,3,37,62.05,38
827,phz_3_38,phz,3,38,46.25,241
828,phz_3_4,phz,3,4,17.02,0
829,phz_3_5,phz,3,5,19.13,0
830,phz_3_6,phz,3,6,20.89,0
831,phz_3_7,phz,3,7,78.67,0
832,phz_3_8,phz,3,8,81.04,2
833,phz_3_9,phz,3,9,14.89,16
834,phz_4_1,phz,4,1,11.86,21
835,phz_4_10,phz,4,10,7.86,0
836,phz_4_11,phz,4,11,17.96,3
837,phz_4_12,phz,4,12,11.49,7
838,phz_4_13,phz,4,13,12.82,8
839,phz_4_14,phz,4,14,5.56,2
840,phz_4_15,phz,4,15,12.08,31
841,phz_4_16,phz,4,16,11.96,14
842,phz_4_17,phz,4,17,4.14,1
843,phz_4_18,phz,4,18,11.29,2
844,phz_4_19,phz,4,19,13.23,3
845,phz_4_2,phz,4,2,12.95,3
846,phz_4_20,phz,4,20,4.87,0
847,phz_4_21,phz,4,21,13.45,20
848,phz_4_22,phz,4,22,14.17,10
849,phz_4_23,phz,4,23,9.66,15
850,phz_4_24,phz,4,24,11.9,14
851,phz_4_25,phz,4,25,11.02,2
852,phz_4_26,phz,4,26,10.87,9
853,phz_4_27,phz,4,27,12.98,5
854,phz_4_28,phz,4,28,13.88,7
855,phz_4_29,phz,4,29,8.94,12
856,phz_4_3,phz,4,3,5.77,5
857,phz_4_30,phz,4,30,11.14,7
858,phz_4_31,phz,4,31,16.87,8
859,phz_4_32,phz,4,32,12.41,12
860,phz_4_33,phz,4,33,13.18,12
861,phz_4_34,phz,4,34,14.42,8
862,phz_4_35,phz,4,35,11.52,4
863,phz_4_36,phz,4,36,24.36,12
864,phz_4_37,phz,4,37,14.97,173
865,phz_4_38,phz,4,38,57.91,43
866,phz_4_4,phz,4,4,7.67,8
867,phz_4_5,phz,4,5,14.35,13
868,phz_4_6,phz,4,6,16.15,5
869,phz_4_7,phz,4,7,11.7,4
870,phz_4_8,phz,4,8,7.96,9
871,phz_4_9,phz,4,9,5.54,0
872,phz_5_1,phz,5,1,21.39,0
873,phz_5_10,phz,5,10,16.2,10
874,phz_5_11,phz,5,11,16.7,6
875,phz_5_12,phz,5,12,14.11,8
876,phz_5_13,phz,5,13,14.3,15
877,phz_5_14,phz,5,14,16.33,1
878,phz_5_15,phz,5,15,18.36,0
879,phz_5_16,phz,5,16,16.43,12
880,phz_5_17,phz,5,17,13.95,6
881,phz_5_18,phz,5,18,19.15,7
882,phz_5_19,phz,5,19,13.52,21
883,phz_5_2,phz,5,2,15.14,8
884,phz_5_20,phz,5,20,17.16,0
885,phz_5_21,phz,5,21,17.17,1
886,phz_5_22,phz,5,22,15.21,0
887,phz_5_23,phz,5,23,15.17,59
888,phz_5_24,phz,5,24,14.29,2
889,phz_5_25,phz,5,25,16.97,2
890,phz_5_26,phz,5,26,15.84,1
891,phz_5_27,phz,5,27,14.63,15
892,phz_5_28,phz,5,28,15.08,1
893,phz_5_29,phz,5,29,13.83,6
894,phz_5_3,phz,5,3,16.17,47
895,phz_5_30,phz,5,30,14.93,1
896,phz_5_31,phz,5,31,17.51,15
897,phz_5_32,phz,5,32,16.65,23
898,phz_5_33,phz,5,33,14.99,27
899,phz_5_34,phz,5,34,15.11,16
900,phz_5_35,phz,5,35,16.53,0
901,phz_5_36,phz,5,36,15.55,0
902,phz_5_37,phz,5,37,16.94,189
903,phz_5_38,phz,5,38,62.97,170
904,phz_5_4,phz,5,4,16.51,1
905,phz_5_5,phz,5,5,18.62,1
906,phz_5_6,phz,5,6,13.68,6
907,phz_5_7,phz,5,7,14.96,1
908,phz_5_8,phz,5,8,19.36,23
909,phz_5_9,phz,5,9,16.72,50
910,rmcA_1_1,rmcA,1,1,94.38,0
911,rmcA_1_10,rmcA,1,10,94.86,0
912,rmcA_1_11,rmcA,1,11,94.65,0
913,rmcA_1_12,rmcA,1,12,95.43,0
914,rmcA_1_13,rmcA,1,13,92.7,0
915,rmcA_1_14,rmcA,1,14,94.11,0
916,rmcA_1_15,rmcA,1,15,94.23,0
917,rmcA_1_16,rmcA,1,16,94.9,0
918,rmcA_1_17,rmcA,1,17,97.61,0
919,rmcA_1_18,rmcA,1,18,94.6,0
920,rmcA_1_19,rmcA,1,19,93.58,0
921,rmcA_1_2,rmcA,1,2,93.89,0
922,rmcA_1_20,rmcA,1,20,94.57,0
923,rmcA_1_21,rmcA,1,21,94.58,0
924,rmcA_1_22,rmcA,1,22,95.01,0
925,rmcA_1_23,rmcA,1,23,95.01,0
926,rmcA_1_24,rmcA,1,24,95.26,0
927,rmcA_1_25,rmcA,1,25,94.54,0
928,rmcA_1_26,rmcA,1,26,94.72,0
929,rmcA_1_27,rmcA,1,27,94.38,0
930,rmcA_1_28,rmcA,1,28,94.22,0
931,rmcA_1_29,rmcA,1,29,94.48,0
932,rmcA_1_3,rmcA,1,3,94.75,0
933,rmcA_1_30,rmcA,1,30,94.82,0
934,rmcA_1_31,rmcA,1,31,95.18,0
935,rmcA_1_32,rmcA,1,32,95.32,0
936,rmcA_1_33,rmcA,1,33,96.56,0
937,rmcA_1_34,rmcA,1,34,94.59,0
938,rmcA_1_35,rmcA,1,35,94.82,0
939,rmcA_1_36,rmcA,1,36,95.63,0
940,rmcA_1_4,rmcA,1,4,94.65,0
941,rmcA_1_5,rmcA,1,5,95.14,0
942,rmcA_1_6,rmcA,1,6,0.42,0
943,rmcA_1_7,rmcA,1,7,94.17,0
944,rmcA_1_8,rmcA,1,8,93.45,0
945,rmcA_1_9,rmcA,1,9,94.04,0
946,rmcA_2_1,rmcA,2,1,90.41,0
947,rmcA_2_10,rmcA,2,10,87.72,0
948,rmcA_2_11,rmcA,2,11,87.52,0
949,rmcA_2_12,rmcA,2,12,89.24,0
950,rmcA_2_13,rmcA,2,13,87.63,0
951,rmcA_2_14,rmcA,2,14,83.71,0
952,rmcA_2_15,rmcA,2,15,86.39,0
953,rmcA_2_16,rmcA,2,16,87.33,0
954,rmcA_2_17,rmcA,2,17,88.81,0
955,rmcA_2_18,rmcA,2,18,90.17,0
956,rmcA_2_19,rmcA,2,19,88.44,0
957,rmcA_2_2,rmcA,2,2,89.31,0
958,rmcA_2_20,rmcA,2,20,85.43,0
959,rmcA_2_21,rmcA,2,21,85.13,0
960,rmcA_2_22,rmcA,2,22,87.9,0
961,rmcA_2_23,rmcA,2,23,87.63,0
962,rmcA_2_24,rmcA,2,24,89.02,0
963,rmcA_2_25,rmcA,2,25,91.14,0
964,rmcA_2_26,rmcA,2,26,86.69,0
965,rmcA_2_27,rmcA,2,27,85.87,0
966,rmcA_2_28,rmcA,2,28,86.69,0
967,rmcA_2_29,rmcA,2,29,89.48,0
968,rmcA_2_3,rmcA,2,3,87.09,0
969,rmcA_2_30,rmcA,2,30,90.4,0
970,rmcA_2_31,rmcA,2,31,94.43,0
971,rmcA_2_32,rmcA,2,32,92.55,0
972,rmcA_2_33,rmcA,2,33,95.45,0
973,rmcA_2_34,rmcA,2,34,94.14,0
974,rmcA_2_35,rmcA,2,35,93.52,0
975,rmcA_2_36,rmcA,2,36,92.36,0
976,rmcA_2_4,rmcA,2,4,86.64,0
977,rmcA_2_5,rmcA,2,5,89.72,0
978,rmcA_2_6,rmcA,2,6,90.24,0
979,rmcA_2_7,rmcA,2,7,88.84,0
980,rmcA_2_8,rmcA,2,8,87.05,0
981,rmcA_2_9,rmcA,2,9,85.54,0
982,rmcA_3_1,rmcA,3,1,93.18,0
983,rmcA_3_10,rmcA,3,10,92.86,0
984,rmcA_3_11,rmcA,3,11,93.1,0
985,rmcA_3_12,rmcA,3,12,93.32,1
986,rmcA_3_13,rmcA,3,13,93.41,0
987,rmcA_3_14,rmcA,3,14,92.28,0
988,rmcA_3_15,rmcA,3,15,92.71,2
989,rmcA_3_16,rmcA,3,16,93.43,0
990,rmcA_3_17,rmcA,3,17,92.57,0
991,rmcA_3_18,rmcA,3,18,92.05,1
992,rmcA_3_19,rmcA,3,19,92.76,1
993,rmcA_3_2,rmcA,3,2,94.21,1
994,rmcA_3_20,rmcA,3,20,92.0,0
995,rmcA_3_21,rmcA,3,21,92.56,5
996,rmcA_3_22,rmcA,3,22,92.15,0
997,rmcA_3_23,rmcA,3,23,93.72,0
998,rmcA_3_24,rmcA,3,24,91.36,0
999,rmcA_3_25,rmcA,3,25,94.15,1
1000,rmcA_3_26,rmcA,3,26,93.7,1
1001,rmcA_3_27,rmcA,3,27,92.6,1
1002,rmcA_3_28,rmcA,3,28,92.04,0
1003,rmcA_3_29,rmcA,3,29,93.28,0
1004,rmcA_3_3,rmcA,3,3,92.49,2
1005,rmcA_3_30,rmcA,3,30,92.3,0
1006,rmcA_3_31,rmcA,3,31,95.5,0
1007,rmcA_3_32,rmcA,3,32,94.56,1
1008,rmcA_3_33,rmcA,3,33,94.84,0
1009,rmcA_3_34,rmcA,3,34,93.76,0
1010,rmcA_3_35,rmcA,3,35,93.32,0
1011,rmcA_3_36,rmcA,3,36,92.01,3
1012,rmcA_3_4,rmcA,3,4,92.98,0
1013,rmcA_3_5,rmcA,3,5,93.84,0
1014,rmcA_3_6,rmcA,3,6,85.68,3
1015,rmcA_3_7,rmcA,3,7,93.14,0
1016,rmcA_3_8,rmcA,3,8,93.94,0
1017,rmcA_3_9,rmcA,3,9,92.85,0
1018,rmcA_4_1,rmcA,4,1,86.0,4
1019,rmcA_4_10,rmcA,4,10,13.89,0
1020,rmcA_4_11,rmcA,4,11,85.72,1
1021,rmcA_4_12,rmcA,4,12,84.41,0
1022,rmcA_4_13,rmcA,4,13,82.03,0
1023,rmcA_4_14,rmcA,4,14,84.7,5
1024,rmcA_4_15,rmcA,4,15,85.33,13
1025,rmcA_4_16,rmcA,4,16,15.55,0
1026,rmcA_4_17,rmcA,4,17,83.35,8
1027,rmcA_4_18,rmcA,4,18,16.92,1
1028,rmcA_4_19,rmcA,4,19,84.41,3
1029,rmcA_4_2,rmcA,4,2,85.34,1
1030,rmcA_4_20,rmcA,4,20,83.03,10
1031,rmcA_4_21,rmcA,4,21,15.43,0
1032,rmcA_4_22,rmcA,4,22,15.79,11
1033,rmcA_4_23,rmcA,4,23,15.67,1
1034,rmcA_4_24,rmcA,4,24,16.03,0
1035,rmcA_4_25,rmcA,4,25,88.12,2
1036,rmcA_4_26,rmcA,4,26,12.98,6
1037,rmcA_4_27,rmcA,4,27,15.09,1
1038,rmcA_4_28,rmcA,4,28,15.49,1
1039,rmcA_4_29,rmcA,4,29,14.04,0
1040,rmcA_4_3,rmcA,4,3,14.82,0
1041,rmcA_4_30,rmcA,4,30,15.16,0
1042,rmcA_4_31,rmcA,4,31,89.38,2
1043,rmcA_4_32,rmcA,4,32,88.05,2
1044,rmcA_4_33,rmcA,4,33,86.73,5
1045,rmcA_4_34,rmcA,4,34,13.68,1
1046,rmcA_4_35,rmcA,4,35,85.68,2
1047,rmcA_4_36,rmcA,4,36,15.14,1
1048,rmcA_4_4,rmcA,4,4,15.11,3
1049,rmcA_4_5,rmcA,4,5,85.86,0
1050,rmcA_4_6,rmcA,4,6,82.11,34
1051,rmcA_4_7,rmcA,4,7,87.47,31
1052,rmcA_4_8,rmcA,4,8,84.88,1
1053,rmcA_4_9,rmcA,4,9,15.04,2
1054,rmcA_5_1,rmcA,5,1,7.92,36
1055,rmcA_5_10,rmcA,5,10,11.28,31
1056,rmcA_5_11,rmcA,5,11,9.75,9
1057,rmcA_5_12,rmcA,5,12,9.37,24
1058,rmcA_5_13,rmcA,5,13,6.07,28
1059,rmcA_5_14,rmcA,5,14,9.72,18
1060,rmcA_5_15,rmcA,5,15,11.51,38
1061,rmcA_5_16,rmcA,5,16,11.03,20
1062,rmcA_5_17,rmcA,5,17,11.2,37
1063,rmcA_5_18,rmcA,5,18,9.31,28
1064,rmcA_5_19,rmcA,5,19,5.4,34
1065,rmcA_5_2,rmcA,5,2,9.29,40
1066,rmcA_5_20,rmcA,5,20,91.22,33
1067,rmcA_5_21,rmcA,5,21,11.27,26
1068,rmcA_5_22,rmcA,5,22,10.59,40
1069,rmcA_5_23,rmcA,5,23,7.46,39
1070,rmcA_5_24,rmcA,5,24,14.22,8
1071,rmcA_5_25,rmcA,5,25,8.1,21
1072,rmcA_5_26,rmcA,5,26,7.99,37
1073,rmcA_5_27,rmcA,5,27,10.31,26
1074,rmcA_5_28,rmcA,5,28,11.25,38
1075,rmcA_5_29,rmcA,5,29,11.1,22
1076,rmcA_5_3,rmcA,5,3,5.96,33
1077,rmcA_5_30,rmcA,5,30,12.36,6
1078,rmcA_5_31,rmcA,5,31,6.18,12
1079,rmcA_5_32,rmcA,5,32,3.67,5
1080,rmcA_5_33,rmcA,5,33,6.8,12
1081,rmcA_5_34,rmcA,5,34,9.67,10
1082,rmcA_5_35,rmcA,5,35,9.59,19
1083,rmcA_5_36,rmcA,5,36,10.72,10
1084,rmcA_5_4,rmcA,5,4,9.66,26
1085,rmcA_5_5,rmcA,5,5,9.26,35
1086,rmcA_5_6,rmcA,5,6,89.1,69
1087,rmcA_5_7,rmcA,5,7,7.74,31
1088,rmcA_5_8,rmcA,5,8,8.9,41
1089,rmcA_5_9,rmcA,5,9,9.56,12
1090,wt_1_1,wt,1,1,96.53,0
1091,wt_1_10,wt,1,10,95.34,0
1092,wt_1_11,wt,1,11,95.77,0
1093,wt_1_12,wt,1,12,95.53,0
1094,wt_1_13,wt,1,13,94.88,0
1095,wt_1_14,wt,1,14,94.24,0
1096,wt_1_15,wt,1,15,94.86,0
1097,wt_1_16,wt,1,16,95.87,0
1098,wt_1_17,wt,1,17,0.62,0
1099,wt_1_18,wt,1,18,96.16,0
1100,wt_1_19,wt,1,19,95.91,0
1101,wt_1_2,wt,1,2,95.31,0
1102,wt_1_20,wt,1,20,94.49,0
1103,wt_1_21,wt,1,21,95.83,0
1104,wt_1_22,wt,1,22,95.96,0
1105,wt_1_23,wt,1,23,96.56,0
1106,wt_1_24,wt,1,24,96.09,0
1107,wt_1_25,wt,1,25,95.35,0
1108,wt_1_26,wt,1,26,94.7,0
1109,wt_1_27,wt,1,27,94.24,0
1110,wt_1_28,wt,1,28,95.84,0
1111,wt_1_29,wt,1,29,96.01,0
1112,wt_1_3,wt,1,3,94.94,0
1113,wt_1_30,wt,1,30,95.34,0
1114,wt_1_31,wt,1,31,96.34,0
1115,wt_1_32,wt,1,32,96.16,0
1116,wt_1_33,wt,1,33,94.87,0
1117,wt_1_34,wt,1,34,95.11,0
1118,wt_1_35,wt,1,35,96.28,0
1119,wt_1_36,wt,1,36,95.78,0
1120,wt_1_37,wt,1,37,4.64,3
1121,wt_1_38,wt,1,38,60.46,16
1122,wt_1_4,wt,1,4,95.22,0
1123,wt_1_5,wt,1,5,95.01,0
1124,wt_1_6,wt,1,6,96.2,0
1125,wt_1_7,wt,1,7,95.67,0
1126,wt_1_8,wt,1,8,95.52,0
1127,wt_1_9,wt,1,9,95.2,0
1128,wt_2_1,wt,2,1,94.1,0
1129,wt_2_10,wt,2,10,97.0,0
1130,wt_2_11,wt,2,11,97.79,0
1131,wt_2_12,wt,2,12,96.68,0
1132,wt_2_13,wt,2,13,93.53,0
1133,wt_2_14,wt,2,14,94.57,0
1134,wt_2_15,wt,2,15,96.25,0
1135,wt_2_16,wt,2,16,97.41,0
1136,wt_2_17,wt,2,17,97.82,0
1137,wt_2_18,wt,2,18,97.09,0
1138,wt_2_19,wt,2,19,94.26,0
1139,wt_2_2,wt,2,2,93.5,0
1140,wt_2_20,wt,2,20,94.52,0
1141,wt_2_21,wt,2,21,96.54,0
1142,wt_2_22,wt,2,22,97.06,0
1143,wt_2_23,wt,2,23,98.03,0
1144,wt_2_24,wt,2,24,97.56,0
1145,wt_2_25,wt,2,25,92.73,0
1146,wt_2_26,wt,2,26,95.42,0
1147,wt_2_27,wt,2,27,95.24,0
1148,wt_2_28,wt,2,28,96.42,0
1149,wt_2_29,wt,2,29,97.36,0
1150,wt_2_3,wt,2,3,94.84,0
1151,wt_2_30,wt,2,30,96.41,0
1152,wt_2_31,wt,2,31,92.46,0
1153,wt_2_32,wt,2,32,92.26,0
1154,wt_2_33,wt,2,33,94.09,0
1155,wt_2_34,wt,2,34,95.43,0
1156,wt_2_35,wt,2,35,95.69,0
1157,wt_2_36,wt,2,36,94.23,0
1158,wt_2_37,wt,2,37,50.51,8
1159,wt_2_38,wt,2,38,50.3,21
1160,wt_2_4,wt,2,4,96.41,0
1161,wt_2_5,wt,2,5,96.55,0
1162,wt_2_6,wt,2,6,95.89,0
1163,wt_2_7,wt,2,7,94.95,0
1164,wt_2_8,wt,2,8,97.13,0
1165,wt_2_9,wt,2,9,96.33,0
1166,wt_3_1,wt,3,1,86.21,0
1167,wt_3_10,wt,3,10,88.56,0
1168,wt_3_11,wt,3,11,90.36,0
1169,wt_3_12,wt,3,12,86.01,0
1170,wt_3_13,wt,3,13,87.4,0
1171,wt_3_14,wt,3,14,87.15,0
1172,wt_3_15,wt,3,15,86.68,1
1173,wt_3_16,wt,3,16,87.55,0
1174,wt_3_17,wt,3,17,87.71,0
1175,wt_3_18,wt,3,18,84.15,0
1176,wt_3_19,wt,3,19,83.46,0
1177,wt_3_2,wt,3,2,86.31,0
1178,wt_3_20,wt,3,20,85.71,2
1179,wt_3_21,wt,3,21,85.46,1
1180,wt_3_22,wt,3,22,85.52,0
1181,wt_3_23,wt,3,23,90.0,0
1182,wt_3_24,wt,3,24,81.94,0
1183,wt_3_25,wt,3,25,84.8,0
1184,wt_3_26,wt,3,26,85.45,0
1185,wt_3_27,wt,3,27,84.27,0
1186,wt_3_28,wt,3,28,86.16,0
1187,wt_3_29,wt,3,29,90.83,0
1188,wt_3_3,wt,3,3,88.49,0
1189,wt_3_30,wt,3,30,85.9,0
1190,wt_3_31,wt,3,31,81.22,0
1191,wt_3_32,wt,3,32,82.21,0
1192,wt_3_33,wt,3,33,83.87,0
1193,wt_3_34,wt,3,34,85.48,0
1194,wt_3_35,wt,3,35,86.82,0
1195,wt_3_36,wt,3,36,82.01,0
1196,wt_3_37,wt,3,37,54.79,3
1197,wt_3_38,wt,3,38,45.15,77
1198,wt_3_4,wt,3,4,87.43,0
1199,wt_3_5,wt,3,5,87.41,0
1200,wt_3_6,wt,3,6,82.09,0
1201,wt_3_7,wt,3,7,87.45,0
1202,wt_3_8,wt,3,8,87.93,0
1203,wt_3_9,wt,3,9,87.76,0
1204,wt_4_1,wt,4,1,15.56,0
1205,wt_4_10,wt,4,10,15.97,0
1206,wt_4_11,wt,4,11,16.73,0
1207,wt_4_12,wt,4,12,16.8,0
1208,wt_4_13,wt,4,13,17.91,0
1209,wt_4_14,wt,4,14,15.75,0
1210,wt_4_15,wt,4,15,16.39,0
1211,wt_4_16,wt,4,16,16.42,0
1212,wt_4_17,wt,4,17,17.17,0
1213,wt_4_18,wt,4,18,18.85,0
1214,wt_4_19,wt,4,19,16.42,0
1215,wt_4_2,wt,4,2,14.9,0
1216,wt_4_20,wt,4,20,18.88,0
1217,wt_4_21,wt,4,21,17.45,0
1218,wt_4_22,wt,4,22,17.89,0
1219,wt_4_23,wt,4,23,17.35,0
1220,wt_4_24,wt,4,24,17.54,0
1221,wt_4_25,wt,4,25,16.9,0
1222,wt_4_26,wt,4,26,17.94,0
1223,wt_4_27,wt,4,27,17.02,0
1224,wt_4_28,wt,4,28,16.84,0
1225,wt_4_29,wt,4,29,18.47,0
1226,wt_4_3,wt,4,3,15.76,0
1227,wt_4_30,wt,4,30,19.47,0
1228,wt_4_31,wt,4,31,19.19,0
1229,wt_4_32,wt,4,32,16.28,0
1230,wt_4_33,wt,4,33,20.76,0
1231,wt_4_34,wt,4,34,19.04,0
1232,wt_4_35,wt,4,35,18.95,0
1233,wt_4_36,wt,4,36,24.33,0
1234,wt_4_37,wt,4,37,58.77,0
1235,wt_4_38,wt,4,38,39.06,52
1236,wt_4_4,wt,4,4,15.0,0
1237,wt_4_5,wt,4,5,18.16,0
1238,wt_4_6,wt,4,6,19.4,0
1239,wt_4_7,wt,4,7,16.16,0
1240,wt_4_8,wt,4,8,15.35,0
1241,wt_4_9,wt,4,9,16.39,0
1242,wt_5_1,wt,5,1,17.21,0
1243,wt_5_10,wt,5,10,17.51,0
1244,wt_5_11,wt,5,11,15.37,0
1245,wt_5_12,wt,5,12,20.41,1
1246,wt_5_13,wt,5,13,17.09,2
1247,wt_5_14,wt,5,14,17.62,0
1248,wt_5_15,wt,5,15,17.21,1
1249,wt_5_16,wt,5,16,18.89,3
1250,wt_5_17,wt,5,17,19.4,0
1251,wt_5_18,wt,5,18,19.94,0
1252,wt_5_19,wt,5,19,16.2,0
1253,wt_5_2,wt,5,2,15.76,0
1254,wt_5_20,wt,5,20,16.64,0
1255,wt_5_21,wt,5,21,19.46,0
1256,wt_5_22,wt,5,22,21.34,2
1257,wt_5_23,wt,5,23,18.82,0
1258,wt_5_24,wt,5,24,20.26,0
1259,wt_5_25,wt,5,25,20.13,0
1260,wt_5_26,wt,5,26,17.38,0
1261,wt_5_27,wt,5,27,18.98,0
1262,wt_5_28,wt,5,28,17.93,0
1263,wt_5_29,wt,5,29,19.69,0
1264,wt_5_3,wt,5,3,15.62,1
1265,wt_5_30,wt,5,30,21.99,0
1266,wt_5_31,wt,5,31,18.63,0
1267,wt_5_32,wt,5,32,18.44,0
1268,wt_5_33,wt,5,33,20.58,2
1269,wt_5_34,wt,5,34,17.75,1
1270,wt_5_35,wt,5,35,20.31,0
1271,wt_5_36,wt,5,36,23.2,10
1272,wt_5_37,wt,5,37,59.65,1
1273,wt_5_38,wt,5,38,48.52,121
1274,wt_5_4,wt,5,4,16.54,2
1275,wt_5_5,wt,5,5,18.56,0
1276,wt_5_6,wt,5,6,21.32,1
1277,wt_5_7,wt,5,7,15.98,5
1278,wt_5_8,wt,5,8,14.44,8
1279,wt_5_9,wt,5,9,17.54,0
