,biofilm,percent_wrinkled,n_spokes,median_spokes_length,median_dist_center,mutant,day,color
0,4133_4_1,2.65,1,61.032778078668514,53.0,4133,4,0
1,4133_4_10,3.28,0,,,4133,4,0
2,4133_4_11,3.95,2,51.6270631985296,118.0,4133,4,0
3,4133_4_12,3.43,2,55.04649384407076,152.5,4133,4,0
4,4133_4_13,4.44,1,51.24451190127583,144.0,4133,4,0
5,4133_4_14,3.92,3,57.21887800367987,156.0,4133,4,0
6,4133_4_15,3.33,2,55.39220724384631,143.0,4133,4,0
7,4133_4_16,4.62,3,56.08029957123981,10.0,4133,4,0
8,4133_4_17,5.4,3,81.09870529176159,158.0,4133,4,0
9,4133_4_18,3.76,1,64.00781202322104,139.0,4133,4,0
10,4133_4_19,4.14,0,,,4133,4,0
11,4133_4_2,3.29,3,65.03076195155643,142.0,4133,4,0
12,4133_4_20,3.55,0,,,4133,4,0
13,4133_4_21,3.85,0,,,4133,4,0
14,4133_4_22,4.05,0,,,4133,4,0
15,4133_4_23,5.57,1,53.75872022286245,23.0,4133,4,0
16,4133_4_24,4.57,2,54.73202241433438,117.0,4133,4,0
17,4133_4_25,3.82,0,,,4133,4,0
18,4133_4_26,3.36,0,,,4133,4,0
19,4133_4_27,5.24,6,56.847061181658376,43.0,4133,4,0
20,4133_4_28,4.0,1,67.11929677819934,36.0,4133,4,0
21,4133_4_29,4.77,0,,,4133,4,0
22,4133_4_3,3.03,0,,,4133,4,0
23,4133_4_30,5.14,6,70.07200410541446,72.5,4133,4,0
24,4133_4_31,3.24,4,68.23928997584693,62.0,4133,4,0
25,4133_4_32,3.75,0,,,4133,4,0
26,4133_4_33,4.72,4,68.77635346549317,53.0,4133,4,0
27,4133_4_34,4.44,3,61.00819617067857,61.0,4133,4,0
28,4133_4_35,5.16,1,60.07495318350236,148.0,4133,4,0
29,4133_4_36,5.2,2,55.09525541114821,121.5,4133,4,0
30,4133_4_4,2.39,0,,,4133,4,0
31,4133_4_5,2.74,1,66.61080993352356,133.0,4133,4,0
32,4133_4_6,2.25,1,62.03224967708329,166.0,4133,4,0
33,4133_4_7,3.75,0,,,4133,4,0
34,4133_4_8,3.41,1,56.32051136131489,0.0,4133,4,0
35,4133_4_9,4.06,3,56.0,165.0,4133,4,0
36,4133_5_1,7.16,16,67.25971837091052,138.0,4133,5,0
37,4133_5_10,11.38,17,71.0,135.0,4133,5,0
38,4133_5_11,10.83,26,69.57158599676085,161.0,4133,5,0
39,4133_5_12,10.54,14,81.99418565341132,174.5,4133,5,0
40,4133_5_13,9.53,16,64.77723433963229,145.5,4133,5,0
41,4133_5_14,11.22,32,77.08433006407776,141.0,4133,5,0
42,4133_5_15,11.25,46,72.62653505464712,134.5,4133,5,0
43,4133_5_16,11.29,23,63.00793600809346,161.0,4133,5,0
44,4133_5_17,11.86,24,64.0624390837628,93.5,4133,5,0
45,4133_5_18,11.07,32,61.40043160069091,147.0,4133,5,0
46,4133_5_19,9.77,20,67.22335924869543,159.0,4133,5,0
47,4133_5_2,7.63,13,60.00833275470999,142.0,4133,5,0
48,4133_5_20,11.45,45,67.26812023536856,148.0,4133,5,0
49,4133_5_21,11.79,42,71.5347574005464,151.5,4133,5,0
50,4133_5_22,12.77,43,72.02777242147643,155.0,4133,5,0
51,4133_5_23,12.37,18,79.92045908542602,182.5,4133,5,0
52,4133_5_24,11.49,16,80.58900759347745,141.5,4133,5,0
53,4133_5_25,8.15,14,62.89777562340973,122.5,4133,5,0
54,4133_5_26,10.69,20,72.61026620750837,154.0,4133,5,0
55,4133_5_27,11.41,30,71.00352095215347,145.5,4133,5,0
56,4133_5_28,12.4,11,67.60177512462228,136.0,4133,5,0
57,4133_5_29,11.26,19,62.0,163.0,4133,5,0
58,4133_5_3,10.44,16,71.14222235123881,144.5,4133,5,0
59,4133_5_30,11.56,29,66.12110101926616,131.0,4133,5,0
60,4133_5_31,9.45,11,77.0,130.0,4133,5,0
61,4133_5_32,5.77,5,66.0,171.0,4133,5,0
62,4133_5_33,9.68,16,64.45517462408944,99.5,4133,5,0
63,4133_5_34,12.94,32,69.23473297179675,139.0,4133,5,0
64,4133_5_35,10.56,29,76.53103945458993,142.0,4133,5,0
65,4133_5_36,10.13,23,67.47592163134935,178.0,4133,5,0
66,4133_5_4,10.86,29,67.02984409947557,151.0,4133,5,0
67,4133_5_5,9.78,26,82.12490030062932,137.0,4133,5,0
68,4133_5_6,7.81,12,59.58894771221755,155.5,4133,5,0
69,4133_5_7,7.96,13,68.3593446428504,168.0,4133,5,0
70,4133_5_8,8.46,10,69.52892424963841,193.5,4133,5,0
71,4133_5_9,9.82,20,64.39217549301381,147.0,4133,5,0
72,cco1cco2_4_1,3.55,0,,,cco1cco2,4,1
73,cco1cco2_4_10,3.51,0,,,cco1cco2,4,1
74,cco1cco2_4_11,3.71,0,,,cco1cco2,4,1
75,cco1cco2_4_12,4.15,0,,,cco1cco2,4,1
76,cco1cco2_4_13,3.36,0,,,cco1cco2,4,1
77,cco1cco2_4_14,4.2,0,,,cco1cco2,4,1
78,cco1cco2_4_15,3.41,0,,,cco1cco2,4,1
79,cco1cco2_4_16,3.42,0,,,cco1cco2,4,1
80,cco1cco2_4_17,3.25,0,,,cco1cco2,4,1
81,cco1cco2_4_18,3.64,0,,,cco1cco2,4,1
82,cco1cco2_4_19,3.98,0,,,cco1cco2,4,1
83,cco1cco2_4_2,4.07,0,,,cco1cco2,4,1
84,cco1cco2_4_20,3.81,2,63.73936797862632,126.5,cco1cco2,4,1
85,cco1cco2_4_21,3.64,0,,,cco1cco2,4,1
86,cco1cco2_4_22,3.75,0,,,cco1cco2,4,1
87,cco1cco2_4_23,3.83,0,,,cco1cco2,4,1
88,cco1cco2_4_24,3.45,0,,,cco1cco2,4,1
89,cco1cco2_4_25,3.97,0,,,cco1cco2,4,1
90,cco1cco2_4_26,3.88,0,,,cco1cco2,4,1
91,cco1cco2_4_27,3.86,0,,,cco1cco2,4,1
92,cco1cco2_4_28,3.64,0,,,cco1cco2,4,1
93,cco1cco2_4_29,3.59,0,,,cco1cco2,4,1
94,cco1cco2_4_3,3.76,0,,,cco1cco2,4,1
95,cco1cco2_4_30,3.9,0,,,cco1cco2,4,1
96,cco1cco2_4_31,2.76,0,,,cco1cco2,4,1
97,cco1cco2_4_32,4.0,0,,,cco1cco2,4,1
98,cco1cco2_4_33,3.73,0,,,cco1cco2,4,1
99,cco1cco2_4_34,3.82,0,,,cco1cco2,4,1
100,cco1cco2_4_35,3.72,0,,,cco1cco2,4,1
101,cco1cco2_4_36,4.85,0,,,cco1cco2,4,1
102,cco1cco2_4_4,3.76,0,,,cco1cco2,4,1
103,cco1cco2_4_5,3.63,0,,,cco1cco2,4,1
104,cco1cco2_4_6,3.58,1,64.0,85.0,cco1cco2,4,1
105,cco1cco2_4_7,3.82,0,,,cco1cco2,4,1
106,cco1cco2_4_8,4.08,0,,,cco1cco2,4,1
107,cco1cco2_4_9,3.57,0,,,cco1cco2,4,1
108,cco1cco2_5_1,5.91,25,67.06713054842886,160.0,cco1cco2,5,1
109,cco1cco2_5_10,5.11,31,65.27633568147036,147.0,cco1cco2,5,1
110,cco1cco2_5_11,5.84,21,63.788713735268246,166.0,cco1cco2,5,1
111,cco1cco2_5_12,7.15,26,63.17995996407757,140.0,cco1cco2,5,1
112,cco1cco2_5_13,5.33,15,72.3394774656273,139.0,cco1cco2,5,1
113,cco1cco2_5_14,6.15,7,90.0222194794152,145.0,cco1cco2,5,1
114,cco1cco2_5_15,5.11,23,69.00724599634447,154.0,cco1cco2,5,1
115,cco1cco2_5_16,4.36,18,64.15177346716578,153.0,cco1cco2,5,1
116,cco1cco2_5_17,4.47,25,70.00714249274856,155.0,cco1cco2,5,1
117,cco1cco2_5_18,6.3,20,62.63531972432691,144.5,cco1cco2,5,1
118,cco1cco2_5_19,6.27,24,65.00384592629001,156.0,cco1cco2,5,1
119,cco1cco2_5_2,5.22,30,64.2221688087233,168.5,cco1cco2,5,1
120,cco1cco2_5_20,5.47,18,67.51448971084463,143.0,cco1cco2,5,1
121,cco1cco2_5_21,5.51,41,71.11258679024411,163.0,cco1cco2,5,1
122,cco1cco2_5_22,5.14,22,76.73915604770256,149.0,cco1cco2,5,1
123,cco1cco2_5_23,5.27,19,57.07889277132134,151.0,cco1cco2,5,1
124,cco1cco2_5_24,5.74,26,67.64876282107417,163.5,cco1cco2,5,1
125,cco1cco2_5_25,5.99,31,70.45565981523414,161.0,cco1cco2,5,1
126,cco1cco2_5_26,6.09,35,77.0,154.0,cco1cco2,5,1
127,cco1cco2_5_27,5.83,16,71.22841135859599,157.5,cco1cco2,5,1
128,cco1cco2_5_28,5.99,30,76.06575079837731,156.5,cco1cco2,5,1
129,cco1cco2_5_29,5.46,23,71.06335201775947,155.0,cco1cco2,5,1
130,cco1cco2_5_3,6.41,21,77.92945527847606,140.0,cco1cco2,5,1
131,cco1cco2_5_30,5.22,28,71.02112361825881,146.0,cco1cco2,5,1
132,cco1cco2_5_31,4.81,18,69.03621629783625,134.0,cco1cco2,5,1
133,cco1cco2_5_32,6.06,23,72.17340230306452,135.0,cco1cco2,5,1
134,cco1cco2_5_33,5.29,26,69.24148176782813,154.5,cco1cco2,5,1
135,cco1cco2_5_34,6.07,39,69.02897942168927,166.0,cco1cco2,5,1
136,cco1cco2_5_35,6.23,27,71.449282711585,143.0,cco1cco2,5,1
137,cco1cco2_5_36,6.02,29,74.54528824815154,163.0,cco1cco2,5,1
138,cco1cco2_5_4,6.19,37,69.58448102845921,160.0,cco1cco2,5,1
139,cco1cco2_5_5,6.51,24,65.00390601161052,181.5,cco1cco2,5,1
140,cco1cco2_5_6,6.56,28,73.12308015445998,168.5,cco1cco2,5,1
141,cco1cco2_5_7,6.31,15,67.02984409947557,143.0,cco1cco2,5,1
142,cco1cco2_5_8,5.74,20,60.597677120798394,164.0,cco1cco2,5,1
143,cco1cco2_5_9,5.52,32,73.99324170052014,157.5,cco1cco2,5,1
144,dipA_4_1,18.93,12,65.15941581202078,199.0,dipA,4,2
145,dipA_4_10,20.94,19,57.3149195236284,175.0,dipA,4,2
146,dipA_4_11,21.34,24,60.65551801769122,156.0,dipA,4,2
147,dipA_4_12,19.85,8,56.57572332271485,187.0,dipA,4,2
148,dipA_4_13,18.16,13,61.07372593840988,139.0,dipA,4,2
149,dipA_4_14,19.11,44,69.68838972687408,140.0,dipA,4,2
150,dipA_4_15,23.08,24,59.75536954953759,130.0,dipA,4,2
151,dipA_4_16,19.09,25,62.96824596572466,111.0,dipA,4,2
152,dipA_4_17,18.31,21,63.28506932918696,130.0,dipA,4,2
153,dipA_4_18,20.56,5,55.731499172371095,23.0,dipA,4,2
154,dipA_4_19,19.02,32,59.14385366165878,106.0,dipA,4,2
155,dipA_4_2,18.96,10,57.109535639983974,151.0,dipA,4,2
156,dipA_4_20,22.01,15,62.16912416947821,184.0,dipA,4,2
157,dipA_4_21,23.04,27,62.07253821135398,148.0,dipA,4,2
158,dipA_4_22,23.45,19,56.32051136131489,165.0,dipA,4,2
159,dipA_4_23,20.14,19,63.198101237299845,148.0,dipA,4,2
160,dipA_4_24,19.35,11,65.27633568147036,146.0,dipA,4,2
161,dipA_4_25,20.32,37,67.36467917239716,174.0,dipA,4,2
162,dipA_4_26,24.18,13,63.071388124885914,131.0,dipA,4,2
163,dipA_4_27,22.23,25,57.0350769263968,138.0,dipA,4,2
164,dipA_4_28,23.34,27,74.0,134.0,dipA,4,2
165,dipA_4_29,20.1,18,59.0,136.5,dipA,4,2
166,dipA_4_3,19.35,12,69.70491998038744,204.5,dipA,4,2
167,dipA_4_30,19.19,0,,,dipA,4,2
168,dipA_4_31,26.06,12,63.854942112677335,160.0,dipA,4,2
169,dipA_4_32,23.87,12,58.00438562747845,157.0,dipA,4,2
170,dipA_4_33,22.57,16,63.5792128193044,150.5,dipA,4,2
171,dipA_4_34,24.34,7,66.18912297349165,120.0,dipA,4,2
172,dipA_4_35,20.44,22,69.38270162708557,111.0,dipA,4,2
173,dipA_4_36,20.52,10,60.46414704480131,149.5,dipA,4,2
174,dipA_4_4,20.83,8,53.188131918541416,167.5,dipA,4,2
175,dipA_4_5,20.21,10,60.65618200222046,90.0,dipA,4,2
176,dipA_4_6,18.74,4,69.33214238952779,195.0,dipA,4,2
177,dipA_4_7,17.45,21,63.63961030678928,179.0,dipA,4,2
178,dipA_4_8,19.46,15,68.18357573492314,190.0,dipA,4,2
179,dipA_4_9,17.8,10,70.8262849302722,83.0,dipA,4,2
180,dipA_5_1,15.36,31,68.11754546370561,157.0,dipA,5,2
181,dipA_5_10,20.11,19,63.50590523722971,149.0,dipA,5,2
182,dipA_5_11,16.74,15,65.62011886609167,154.0,dipA,5,2
183,dipA_5_12,19.98,7,64.0,130.0,dipA,5,2
184,dipA_5_13,16.58,39,70.02856560004639,170.0,dipA,5,2
185,dipA_5_14,16.89,41,66.0,132.0,dipA,5,2
186,dipA_5_15,21.6,45,63.12685640834652,140.0,dipA,5,2
187,dipA_5_16,17.46,23,64.93843238021688,130.0,dipA,5,2
188,dipA_5_17,17.93,25,73.00684899377592,140.0,dipA,5,2
189,dipA_5_18,22.06,13,63.28506932918696,143.0,dipA,5,2
190,dipA_5_19,17.62,36,63.78285202456988,164.0,dipA,5,2
191,dipA_5_2,16.72,15,64.28063471995279,164.0,dipA,5,2
192,dipA_5_20,21.35,32,59.93739064036163,94.0,dipA,5,2
193,dipA_5_21,22.16,20,67.27152608988911,117.0,dipA,5,2
194,dipA_5_22,21.39,30,64.19769390977098,115.5,dipA,5,2
195,dipA_5_23,20.37,39,58.42088667591412,123.0,dipA,5,2
196,dipA_5_24,20.36,7,72.44308110509934,151.0,dipA,5,2
197,dipA_5_25,18.03,23,72.69112738154499,155.0,dipA,5,2
198,dipA_5_26,19.99,17,56.0357029044876,43.0,dipA,5,2
199,dipA_5_27,21.17,23,69.00724599634447,96.0,dipA,5,2
200,dipA_5_28,21.86,33,64.0,107.0,dipA,5,2
201,dipA_5_29,20.11,23,81.09870529176159,161.0,dipA,5,2
202,dipA_5_3,17.89,19,65.19202405202648,141.0,dipA,5,2
203,dipA_5_30,21.49,16,70.64698430973489,173.5,dipA,5,2
204,dipA_5_31,22.29,20,65.65782335050272,112.0,dipA,5,2
205,dipA_5_32,21.35,20,67.68494193194323,161.0,dipA,5,2
206,dipA_5_33,20.18,15,64.6297145282261,131.0,dipA,5,2
207,dipA_5_34,21.98,20,58.72103371386274,133.5,dipA,5,2
208,dipA_5_35,19.19,12,59.62240472578219,131.0,dipA,5,2
209,dipA_5_36,22.17,9,70.11419257183242,155.0,dipA,5,2
210,dipA_5_4,19.75,14,62.26514483459078,168.5,dipA,5,2
211,dipA_5_5,19.5,18,59.27703609470288,179.0,dipA,5,2
212,dipA_5_6,19.57,2,87.54007265120633,219.0,dipA,5,2
213,dipA_5_7,15.52,47,67.36467917239716,187.0,dipA,5,2
214,dipA_5_8,17.54,31,62.289646009589745,177.0,dipA,5,2
215,dipA_5_9,16.06,34,64.39217549301381,81.0,dipA,5,2
216,pas9_4_1,10.25,2,68.05550937334148,161.0,pas9,4,3
217,pas9_4_10,9.78,0,,,pas9,4,3
218,pas9_4_11,8.58,2,58.80345951182835,176.5,pas9,4,3
219,pas9_4_12,6.89,1,56.71860364994893,162.0,pas9,4,3
220,pas9_4_13,12.99,11,62.00806399170998,135.0,pas9,4,3
221,pas9_4_14,10.95,1,59.033888572581766,164.0,pas9,4,3
222,pas9_4_15,9.45,1,71.02816342831905,120.0,pas9,4,3
223,pas9_4_16,10.03,4,54.452421363734736,152.0,pas9,4,3
224,pas9_4_17,14.72,5,58.034472514187634,145.0,pas9,4,3
225,pas9_4_18,9.38,1,52.009614495783374,133.0,pas9,4,3
226,pas9_4_19,8.94,0,,,pas9,4,3
227,pas9_4_2,11.19,1,67.26812023536856,190.0,pas9,4,3
228,pas9_4_20,8.36,0,,,pas9,4,3
229,pas9_4_21,10.89,1,79.30952023559341,17.0,pas9,4,3
230,pas9_4_22,12.72,5,85.0,73.0,pas9,4,3
231,pas9_4_23,15.05,4,69.36632401356621,151.0,pas9,4,3
232,pas9_4_24,9.37,2,57.63188276524676,154.5,pas9,4,3
233,pas9_4_25,8.23,0,,,pas9,4,3
234,pas9_4_26,12.08,5,64.93843238021688,182.0,pas9,4,3
235,pas9_4_27,11.65,1,68.00735254367721,144.0,pas9,4,3
236,pas9_4_28,11.48,0,,,pas9,4,3
237,pas9_4_29,0.43,0,0.0,0.0,pas9,4,3
238,pas9_4_3,11.03,3,51.97114584074513,181.0,pas9,4,3
239,pas9_4_30,13.78,3,55.14526271584895,158.0,pas9,4,3
240,pas9_4_31,6.17,1,52.23983154643591,24.0,pas9,4,3
241,pas9_4_32,8.42,2,68.00741022001176,2.0,pas9,4,3
242,pas9_4_33,10.35,2,68.60518457911465,159.5,pas9,4,3
243,pas9_4_34,11.76,1,57.55866572463264,139.0,pas9,4,3
244,pas9_4_35,13.93,2,58.79580184060838,95.5,pas9,4,3
245,pas9_4_36,13.35,2,59.664223684704176,24.5,pas9,4,3
246,pas9_4_4,7.74,4,59.138430905987235,75.5,pas9,4,3
247,pas9_4_5,11.79,7,62.289646009589745,155.0,pas9,4,3
248,pas9_4_6,7.84,3,54.037024344425184,209.0,pas9,4,3
249,pas9_4_7,8.37,1,59.682493245507096,174.0,pas9,4,3
250,pas9_4_8,10.32,4,59.57558756723504,153.5,pas9,4,3
251,pas9_4_9,10.13,3,75.31268153505093,187.0,pas9,4,3
252,pas9_5_1,17.41,14,59.211138538889756,152.0,pas9,5,3
253,pas9_5_10,15.25,50,64.17713163458836,159.0,pas9,5,3
254,pas9_5_11,14.79,44,72.58670115153225,131.5,pas9,5,3
255,pas9_5_12,15.51,59,70.11419257183242,167.0,pas9,5,3
256,pas9_5_13,18.84,18,64.26833359439307,150.0,pas9,5,3
257,pas9_5_14,17.67,11,70.06425622241343,153.0,pas9,5,3
258,pas9_5_15,16.65,59,69.72087205421343,157.0,pas9,5,3
259,pas9_5_16,16.63,59,64.03124237432849,131.0,pas9,5,3
260,pas9_5_17,18.39,19,60.13318551349163,159.0,pas9,5,3
261,pas9_5_18,15.01,34,64.01538097577821,147.5,pas9,5,3
262,pas9_5_19,16.81,22,67.53680328598517,134.0,pas9,5,3
263,pas9_5_2,17.53,11,61.0,142.0,pas9,5,3
264,pas9_5_20,14.81,22,69.30007252565932,127.0,pas9,5,3
265,pas9_5_21,20.24,25,83.02409288875127,147.0,pas9,5,3
266,pas9_5_22,21.84,18,67.34265273270985,163.0,pas9,5,3
267,pas9_5_23,22.24,11,61.00819617067857,147.0,pas9,5,3
268,pas9_5_24,16.95,35,63.198101237299845,160.0,pas9,5,3
269,pas9_5_25,16.28,25,64.38167441127949,145.0,pas9,5,3
270,pas9_5_26,22.07,12,67.16478611184047,156.0,pas9,5,3
271,pas9_5_27,24.81,14,62.2448221607922,147.5,pas9,5,3
272,pas9_5_28,24.39,21,67.08203932499369,154.0,pas9,5,3
273,pas9_5_29,5.02,8,63.738370547760496,165.5,pas9,5,3
274,pas9_5_3,18.67,29,65.12296062065974,140.0,pas9,5,3
275,pas9_5_30,23.09,18,59.71008208200791,142.0,pas9,5,3
276,pas9_5_31,17.05,17,64.4980619863884,152.0,pas9,5,3
277,pas9_5_32,19.75,24,65.70575925537753,157.5,pas9,5,3
278,pas9_5_33,21.88,18,70.61338968103826,151.5,pas9,5,3
279,pas9_5_34,23.77,15,62.289646009589745,135.0,pas9,5,3
280,pas9_5_35,21.16,23,66.12110101926616,77.0,pas9,5,3
281,pas9_5_36,21.89,29,62.20128616033595,51.0,pas9,5,3
282,pas9_5_4,14.95,66,66.01480637729244,168.0,pas9,5,3
283,pas9_5_5,18.66,22,73.58547767183747,129.0,pas9,5,3
284,pas9_5_6,15.84,38,68.80673424800673,162.0,pas9,5,3
285,pas9_5_7,13.58,21,63.28506932918696,137.0,pas9,5,3
286,pas9_5_8,15.97,39,71.0,67.0,pas9,5,3
287,pas9_5_9,16.14,47,72.02777242147643,165.0,pas9,5,3
288,phz_4_1,8.49,4,93.11295287919886,140.5,phz,4,4
289,phz_4_10,12.93,24,68.79183111268969,158.0,phz,4,4
290,phz_4_11,12.82,23,67.0,153.0,phz,4,4
291,phz_4_12,10.69,8,63.59904610401301,172.0,phz,4,4
292,phz_4_13,12.37,14,70.11908153406787,175.0,phz,4,4
293,phz_4_14,12.89,18,60.11159115151076,153.0,phz,4,4
294,phz_4_15,14.86,8,62.797670557425576,153.0,phz,4,4
295,phz_4_16,13.83,4,75.38354072128408,154.5,phz,4,4
296,phz_4_17,12.67,14,61.666146511323824,184.0,phz,4,4
297,phz_4_18,11.63,6,57.71790211904492,147.5,phz,4,4
298,phz_4_19,11.95,12,75.63215187383624,144.5,phz,4,4
299,phz_4_2,11.38,10,59.87123458701804,175.5,phz,4,4
300,phz_4_20,12.7,7,72.69112738154499,128.0,phz,4,4
301,phz_4_21,12.09,11,65.03076195155643,169.0,phz,4,4
302,phz_4_22,13.45,10,68.23015087560792,137.5,phz,4,4
303,phz_4_23,12.6,24,59.64321927792611,174.0,phz,4,4
304,phz_4_24,10.15,3,76.0,146.0,phz,4,4
305,phz_4_25,13.0,4,60.71108424057478,122.5,phz,4,4
306,phz_4_26,12.8,8,70.5656857001197,177.5,phz,4,4
307,phz_4_27,11.96,10,77.14374824514493,178.0,phz,4,4
308,phz_4_28,10.87,14,69.1736702525969,153.0,phz,4,4
309,phz_4_29,12.05,24,62.04030110153198,135.0,phz,4,4
310,phz_4_3,10.24,13,62.0,160.0,phz,4,4
311,phz_4_30,12.35,6,57.21849365820091,152.0,phz,4,4
312,phz_4_31,10.65,10,66.5037876614185,129.5,phz,4,4
313,phz_4_32,12.03,9,64.0,129.0,phz,4,4
314,phz_4_33,11.22,4,70.20723446592382,161.0,phz,4,4
315,phz_4_34,12.07,12,61.3571156413924,156.5,phz,4,4
316,phz_4_35,11.84,5,71.02816342831905,51.0,phz,4,4
317,phz_4_36,12.43,11,58.42088667591412,140.0,phz,4,4
318,phz_4_37,22.01,30,64.57910668704304,144.0,phz,4,4
319,phz_4_38,14.99,8,54.721832551258224,113.5,phz,4,4
320,phz_4_4,11.16,6,63.59601202601324,136.5,phz,4,4
321,phz_4_5,10.97,9,62.03224967708329,167.0,phz,4,4
322,phz_4_6,4.95,2,66.48310948015511,115.5,phz,4,4
323,phz_4_7,13.08,21,57.3149195236284,181.0,phz,4,4
324,phz_4_8,13.41,11,70.8590149522275,161.0,phz,4,4
325,phz_4_9,12.97,5,58.05170109479997,162.0,phz,4,4
326,phz_5_1,18.64,26,73.66987954143076,166.5,phz,5,4
327,phz_5_10,17.05,35,67.06713054842886,164.0,phz,5,4
328,phz_5_11,16.48,57,72.06247289678588,161.0,phz,5,4
329,phz_5_12,17.44,33,66.12110101926616,154.0,phz,5,4
330,phz_5_13,18.02,30,61.53626910567699,132.5,phz,5,4
331,phz_5_14,18.37,17,58.309518948453004,173.0,phz,5,4
332,phz_5_15,19.04,24,71.43761160753164,147.5,phz,5,4
333,phz_5_16,15.76,16,69.40750222904228,132.0,phz,5,4
334,phz_5_17,13.44,39,71.56814934033156,146.0,phz,5,4
335,phz_5_18,16.71,23,68.0,137.0,phz,5,4
336,phz_5_19,17.56,26,81.15095324835569,155.5,phz,5,4
337,phz_5_2,18.5,35,71.17583859709698,126.0,phz,5,4
338,phz_5_20,19.15,15,65.06919393998976,138.0,phz,5,4
339,phz_5_21,20.82,17,59.00847396772772,152.0,phz,5,4
340,phz_5_22,14.88,27,66.12110101926616,134.0,phz,5,4
341,phz_5_23,14.39,26,71.06924316371311,172.0,phz,5,4
342,phz_5_24,15.46,28,66.62908417649652,115.0,phz,5,4
343,phz_5_25,18.46,14,80.63702607616742,96.0,phz,5,4
344,phz_5_26,18.55,23,64.1248781675256,137.0,phz,5,4
345,phz_5_27,17.95,38,66.72610667458707,155.5,phz,5,4
346,phz_5_28,17.56,26,69.09535911383585,160.0,phz,5,4
347,phz_5_29,17.45,39,70.11419257183242,96.0,phz,5,4
348,phz_5_3,18.22,25,77.00649323271382,168.0,phz,5,4
349,phz_5_30,15.0,45,67.0,157.0,phz,5,4
350,phz_5_31,15.37,41,70.21395872616783,190.0,phz,5,4
351,phz_5_32,18.5,23,74.24284477308234,140.0,phz,5,4
352,phz_5_33,18.34,34,67.86201190762378,139.5,phz,5,4
353,phz_5_34,17.73,37,70.00714249274856,141.0,phz,5,4
354,phz_5_35,16.46,26,66.53649931127453,128.5,phz,5,4
355,phz_5_36,15.09,16,73.65223130175683,139.0,phz,5,4
356,phz_5_37,23.56,24,69.02761125290954,152.5,phz,5,4
357,phz_5_38,13.03,33,67.02984409947557,146.0,phz,5,4
358,phz_5_4,17.8,32,63.17822872703644,148.0,phz,5,4
359,phz_5_5,17.13,33,69.2314957226839,160.0,phz,5,4
360,phz_5_6,14.97,13,66.18912297349165,155.0,phz,5,4
361,phz_5_7,18.74,12,58.86400546794926,77.5,phz,5,4
362,phz_5_8,17.46,38,66.72995570819674,163.0,phz,5,4
363,phz_5_9,18.38,25,63.387695966961914,152.0,phz,5,4
364,rmcA_4_1,7.73,55,72.00694410957877,170.0,rmcA,4,5
365,rmcA_4_10,10.0,52,79.55060050113019,146.0,rmcA,4,5
366,rmcA_4_11,9.01,53,72.17340230306452,166.0,rmcA,4,5
367,rmcA_4_12,10.01,81,69.06518659932803,175.0,rmcA,4,5
368,rmcA_4_13,9.47,53,75.0,163.0,rmcA,4,5
369,rmcA_4_14,9.16,56,76.5883741665871,176.0,rmcA,4,5
370,rmcA_4_15,9.96,55,70.00714249274856,153.0,rmcA,4,5
371,rmcA_4_16,10.32,63,71.00704190430693,152.0,rmcA,4,5
372,rmcA_4_17,9.86,63,80.62257748298549,149.0,rmcA,4,5
373,rmcA_4_18,10.45,70,71.55629339512205,157.0,rmcA,4,5
374,rmcA_4_19,8.35,51,64.19501538281614,184.0,rmcA,4,5
375,rmcA_4_2,9.15,55,71.0,179.0,rmcA,4,5
376,rmcA_4_20,7.02,58,76.03039292257105,165.0,rmcA,4,5
377,rmcA_4_21,10.04,76,76.02631123499285,155.5,rmcA,4,5
378,rmcA_4_22,10.3,90,78.53167574861753,165.5,rmcA,4,5
379,rmcA_4_23,9.77,68,68.19682929704322,159.5,rmcA,4,5
380,rmcA_4_24,11.19,67,75.02666192761077,167.0,rmcA,4,5
381,rmcA_4_25,7.65,34,62.5,155.0,rmcA,4,5
382,rmcA_4_26,8.72,58,68.03259329966401,158.0,rmcA,4,5
383,rmcA_4_27,9.58,67,74.24284477308234,160.0,rmcA,4,5
384,rmcA_4_28,10.2,70,83.32721920274597,156.0,rmcA,4,5
385,rmcA_4_29,9.24,57,71.02816342831905,164.0,rmcA,4,5
386,rmcA_4_3,10.33,69,70.25667228100119,174.0,rmcA,4,5
387,rmcA_4_30,9.46,66,77.01623143966034,138.0,rmcA,4,5
388,rmcA_4_31,6.2,63,78.0,162.0,rmcA,4,5
389,rmcA_4_32,6.48,65,70.178344238091,147.0,rmcA,4,5
390,rmcA_4_33,6.66,57,82.20097323024831,143.0,rmcA,4,5
391,rmcA_4_34,8.14,63,81.05553651663777,162.0,rmcA,4,5
392,rmcA_4_35,8.58,78,73.01369606051954,169.5,rmcA,4,5
393,rmcA_4_36,8.72,58,69.51806095721892,181.0,rmcA,4,5
394,rmcA_4_4,10.08,71,69.18092222571191,151.0,rmcA,4,5
395,rmcA_4_5,9.35,57,72.3394774656273,160.0,rmcA,4,5
396,rmcA_4_6,7.46,33,72.00694410957877,169.0,rmcA,4,5
397,rmcA_4_7,7.42,28,61.020694035462256,182.0,rmcA,4,5
398,rmcA_4_8,8.8,62,77.5327581698202,176.0,rmcA,4,5
399,rmcA_4_9,9.14,62,72.56206893145078,170.5,rmcA,4,5
400,rmcA_5_1,7.14,94,84.6929872941648,168.0,rmcA,5,5
401,rmcA_5_10,10.95,99,74.06078584514209,164.0,rmcA,5,5
402,rmcA_5_11,9.3,82,73.52067239157901,165.0,rmcA,5,5
403,rmcA_5_12,10.05,72,76.58324094593226,173.0,rmcA,5,5
404,rmcA_5_13,9.82,95,78.0,161.0,rmcA,5,5
405,rmcA_5_14,7.36,71,81.0,166.0,rmcA,5,5
406,rmcA_5_15,10.53,100,70.53564906336018,151.0,rmcA,5,5
407,rmcA_5_16,11.04,98,74.08440754986886,157.5,rmcA,5,5
408,rmcA_5_17,10.59,72,81.30366758485289,151.0,rmcA,5,5
409,rmcA_5_18,12.42,88,78.00640999302557,158.0,rmcA,5,5
410,rmcA_5_19,7.2,88,73.18112029511775,156.0,rmcA,5,5
411,rmcA_5_2,8.9,91,81.05553651663777,181.0,rmcA,5,5
412,rmcA_5_20,4.68,55,73.02739212103907,176.0,rmcA,5,5
413,rmcA_5_21,9.73,76,79.0316351823121,169.0,rmcA,5,5
414,rmcA_5_22,11.29,87,71.0,154.0,rmcA,5,5
415,rmcA_5_23,10.42,80,80.53184743266732,167.5,rmcA,5,5
416,rmcA_5_24,13.16,117,69.00724599634447,172.0,rmcA,5,5
417,rmcA_5_25,6.31,76,78.1599413262939,167.0,rmcA,5,5
418,rmcA_5_26,6.17,68,83.50301193889428,158.0,rmcA,5,5
419,rmcA_5_27,9.14,88,71.50699300694285,163.5,rmcA,5,5
420,rmcA_5_28,10.82,84,68.50362299817223,157.0,rmcA,5,5
421,rmcA_5_29,9.78,91,75.05997601918082,169.0,rmcA,5,5
422,rmcA_5_3,10.04,84,78.525474606523,165.5,rmcA,5,5
423,rmcA_5_30,10.98,90,81.50312487793923,163.5,rmcA,5,5
424,rmcA_5_31,5.22,78,76.03773043814931,172.5,rmcA,5,5
425,rmcA_5_32,5.31,63,71.17583859709698,155.0,rmcA,5,5
426,rmcA_5_33,5.5,72,69.50362299817223,175.5,rmcA,5,5
427,rmcA_5_34,8.27,76,77.77344255908037,171.0,rmcA,5,5
428,rmcA_5_35,8.89,80,83.02409288875127,147.0,rmcA,5,5
429,rmcA_5_36,9.82,74,91.55444541717978,155.5,rmcA,5,5
430,rmcA_5_4,10.35,85,78.10249675906654,150.0,rmcA,5,5
431,rmcA_5_5,8.77,97,79.0,157.0,rmcA,5,5
432,rmcA_5_6,8.14,60,71.77992234324086,171.5,rmcA,5,5
433,rmcA_5_7,6.83,82,81.52811511925087,170.0,rmcA,5,5
434,rmcA_5_8,7.33,86,93.5,165.0,rmcA,5,5
435,rmcA_5_9,8.77,65,71.06335201775947,169.0,rmcA,5,5
436,wt_4_1,6.73,5,56.88585061331157,25.0,wt,4,6
437,wt_4_10,7.11,4,60.142534664593484,55.0,wt,4,6
438,wt_4_11,7.24,4,62.341035053895816,116.5,wt,4,6
439,wt_4_12,8.46,3,62.16912416947821,139.0,wt,4,6
440,wt_4_13,7.94,3,53.0,34.0,wt,4,6
441,wt_4_14,6.92,2,61.899050828408285,144.0,wt,4,6
442,wt_4_15,7.19,7,65.49045732013177,140.0,wt,4,6
443,wt_4_16,7.61,4,70.03259329966401,156.5,wt,4,6
444,wt_4_17,7.81,2,62.83751470335396,141.0,wt,4,6
445,wt_4_18,7.4,2,53.53737338456483,139.0,wt,4,6
446,wt_4_19,7.57,6,60.299582479021375,139.0,wt,4,6
447,wt_4_2,6.22,4,61.0302484913517,172.5,wt,4,6
448,wt_4_20,6.5,9,59.841457201508724,150.0,wt,4,6
449,wt_4_21,7.93,2,59.7868632260458,145.0,wt,4,6
450,wt_4_22,7.23,0,,,wt,4,6
451,wt_4_23,7.32,0,,,wt,4,6
452,wt_4_24,8.05,2,55.40378586101134,154.5,wt,4,6
453,wt_4_25,7.6,5,54.147945482723536,137.0,wt,4,6
454,wt_4_26,6.53,2,75.16674721087053,140.0,wt,4,6
455,wt_4_27,7.51,4,58.33588062895775,78.5,wt,4,6
456,wt_4_28,7.55,1,60.03332407921454,9.0,wt,4,6
457,wt_4_29,7.41,8,55.58520860509843,149.0,wt,4,6
458,wt_4_3,6.98,4,66.15463437481152,151.0,wt,4,6
459,wt_4_30,8.0,3,69.46221994724903,144.0,wt,4,6
460,wt_4_31,7.76,6,58.73854276783846,139.0,wt,4,6
461,wt_4_32,8.67,1,60.8276253029822,149.0,wt,4,6
462,wt_4_33,7.28,5,52.3450093132096,31.0,wt,4,6
463,wt_4_34,7.35,4,68.97043956338635,140.5,wt,4,6
464,wt_4_35,7.04,1,53.0,167.0,wt,4,6
465,wt_4_36,7.66,2,69.50403199585499,115.0,wt,4,6
466,wt_4_37,26.03,2,60.65601929297898,142.0,wt,4,6
467,wt_4_38,18.47,20,57.867903099771254,143.0,wt,4,6
468,wt_4_4,7.15,3,84.1486779456457,137.0,wt,4,6
469,wt_4_5,6.97,1,59.30430001273095,162.0,wt,4,6
470,wt_4_6,8.99,10,70.4391760912803,59.5,wt,4,6
471,wt_4_7,7.07,1,51.24451190127583,163.0,wt,4,6
472,wt_4_8,6.7,2,61.61707881480676,154.0,wt,4,6
473,wt_4_9,6.41,2,62.896217767168196,158.5,wt,4,6
474,wt_5_1,10.9,19,63.63961030678928,191.0,wt,5,6
475,wt_5_10,10.2,8,63.5037876614185,152.0,wt,5,6
476,wt_5_11,10.5,22,66.43255941920977,84.0,wt,5,6
477,wt_5_12,12.58,24,60.56343951485377,183.0,wt,5,6
478,wt_5_13,10.64,14,75.19255483537327,152.5,wt,5,6
479,wt_5_14,9.22,18,62.1650922141861,133.5,wt,5,6
480,wt_5_15,9.52,13,61.07372593840988,130.0,wt,5,6
481,wt_5_16,11.0,23,66.37017402418047,81.0,wt,5,6
482,wt_5_17,11.89,5,65.62011886609167,143.0,wt,5,6
483,wt_5_18,11.87,10,63.55165008145521,153.5,wt,5,6
484,wt_5_19,10.55,18,66.68241225370252,105.5,wt,5,6
485,wt_5_2,9.81,5,63.198101237299845,171.0,wt,5,6
486,wt_5_20,8.88,12,69.81308542222014,146.0,wt,5,6
487,wt_5_21,9.4,13,78.31347265956222,130.0,wt,5,6
488,wt_5_22,9.78,7,54.74486277268398,131.0,wt,5,6
489,wt_5_23,11.77,10,68.15056059931437,161.0,wt,5,6
490,wt_5_24,12.64,14,68.01871928481263,135.0,wt,5,6
491,wt_5_25,10.52,14,68.56239573002503,179.0,wt,5,6
492,wt_5_26,8.47,14,61.51638903933426,126.0,wt,5,6
493,wt_5_27,9.14,12,72.43589980034014,152.5,wt,5,6
494,wt_5_28,10.33,5,59.00847396772772,138.0,wt,5,6
495,wt_5_29,10.68,12,54.42663355581556,155.0,wt,5,6
496,wt_5_3,10.16,15,62.20128616033595,124.0,wt,5,6
497,wt_5_30,13.35,13,60.07495318350236,106.0,wt,5,6
498,wt_5_31,11.52,5,61.29437168288782,36.0,wt,5,6
499,wt_5_32,9.7,12,65.01562118716424,143.0,wt,5,6
500,wt_5_33,10.86,16,59.76972888470697,163.0,wt,5,6
501,wt_5_34,10.5,10,66.54611622237702,152.5,wt,5,6
502,wt_5_35,12.92,18,64.4980619863884,116.5,wt,5,6
503,wt_5_36,16.15,31,63.387695966961914,139.0,wt,5,6
504,wt_5_37,30.45,5,61.40032573203501,185.0,wt,5,6
505,wt_5_38,15.0,9,58.077534382926416,75.0,wt,5,6
506,wt_5_4,10.2,15,61.1310068623117,172.0,wt,5,6
507,wt_5_5,11.12,8,65.54974500843323,160.5,wt,5,6
508,wt_5_6,15.03,22,65.9517799776685,101.0,wt,5,6
509,wt_5_7,10.33,10,73.50373113550191,149.5,wt,5,6
510,wt_5_8,8.31,11,65.0,151.0,wt,5,6
511,wt_5_9,9.49,17,60.00833275470999,164.0,wt,5,6
